ZONE,FLR,UNIT,BLDG-UNIT,TYPE,LOCATION CODE,UNIT TYPE,UNIT AREA,"ACCOUNT
STATUS",FACING
LOW,3,46,TOWER 1 3-46,RESIDENTIAL,Studio - Outer,STUDIO,13.82,FRESH,Samson
LOW,3,47,TOWER 1 3-47,RESIDENTIAL,Studio - Outer,STUDIO,13.82,FRESH,Samson
LOW,3,51,TOWER 1 3-51,RESIDENTIAL,Studio - Outer,STUDIO,13.82,FRESH,
LOW,4,42,TOWER 1 4-42,RESIDENTIAL,Studio - Outer,STUDIO,13.82,FRESH,Samson
LOW,4,43,TOWER 1 4-43,RESIDENTIAL,Studio - Outer,STUDIO,13.82,FRESH,Samson
LOW,4,44,TOWER 1 4-44,RESIDENTIAL,Studio - Outer,STUDIO,13.82,FRESH,
LOW,4,45,TOWER 1 4-45,RESIDENTIAL,Studio - Outer,STUDIO,13.82,FRESH,Samson
LOW,4,46,TOWER 1 4-46,RESIDENTIAL,Studio - Outer,STUDIO,13.82,FRESH,Samson
LOW,4,47,TOWER 1 4-47,RESIDENTIAL,Studio - Outer,STUDIO,13.82,FRESH,Samson
LOW,4,48,TOWER 1 4-48,RESIDENTIAL,Studio - Outer,STUDIO,13.82,FRESH,Samson
LOW,4,49,TOWER 1 4-49,RESIDENTIAL,Studio - Outer,STUDIO,13.82,FRESH,Samson
LOW,4,50,TOWER 1 4-50,RESIDENTIAL,Studio - Outer,STUDIO,13.82,FRESH,Samson
LOW,4,51,TOWER 1 4-51,RESIDENTIAL,Studio - Outer,STUDIO,13.82,FRESH,
LOW,4,52,TOWER 1 4-52,RESIDENTIAL,Studio - Outer,STUDIO,13.82,FRESH,Samson
LOW,4,53,TOWER 1 4-53,RESIDENTIAL,Studio - Outer,STUDIO,13.82,FRESH,Samson
LOW,4,54,TOWER 1 4-54,RESIDENTIAL,Studio - Outer,STUDIO,12.56,FRESH,Samson
LOW,4,55,TOWER 1 4-55,RESIDENTIAL,Studio - Outer,STUDIO,13.67,FRESH,Samson
LOW,5,42,TOWER 1 5-42,RESIDENTIAL,Studio - Outer,STUDIO,13.82,FRESH,Samson
LOW,5,43,TOWER 1 5-43,RESIDENTIAL,Studio - Outer,STUDIO,13.82,FRESH,Samson
LOW,5,44,TOWER 1 5-44,RESIDENTIAL,Studio - Outer,STUDIO,13.82,FRESH,
LOW,5,45,TOWER 1 5-45,RESIDENTIAL,Studio - Outer,STUDIO,13.82,FRESH,Samson
LOW,5,46,TOWER 1 5-46,RESIDENTIAL,Studio - Outer,STUDIO,13.82,FRESH,Samson
LOW,5,47,TOWER 1 5-47,RESIDENTIAL,Studio - Outer,STUDIO,13.82,FRESH,Samson
LOW,5,48,TOWER 1 5-48,RESIDENTIAL,Studio - Outer,STUDIO,13.82,FRESH,Samson
LOW,5,49,TOWER 1 5-49,RESIDENTIAL,Studio - Outer,STUDIO,13.82,FRESH,Samson
LOW,5,50,TOWER 1 5-50,RESIDENTIAL,Studio - Outer,STUDIO,13.82,FRESH,Samson
LOW,5,51,TOWER 1 5-51,RESIDENTIAL,Studio - Outer,STUDIO,13.82,FRESH,
LOW,5,52,TOWER 1 5-52,RESIDENTIAL,Studio - Outer,STUDIO,13.82,FRESH,Samson
LOW,5,53,TOWER 1 5-53,RESIDENTIAL,Studio - Outer,STUDIO,13.82,FRESH,Samson
LOW,5,55,TOWER 1 5-55,RESIDENTIAL,Studio - Outer,STUDIO,13.67,FRESH,Samson
LOW,6,46,TOWER 1 6-46,RESIDENTIAL,Studio - Outer,STUDIO,13.82,FRESH,Samson
LOW,6,48,TOWER 1 6-48,RESIDENTIAL,Studio - Outer,STUDIO,13.82,FRESH,Samson
LOW,6,50,TOWER 1 6-50,RESIDENTIAL,Studio - Outer,STUDIO,13.82,FRESH,Samson
LOW,6,51,TOWER 1 6-51,RESIDENTIAL,Studio - Outer,STUDIO,13.82,FRESH,
LOW,6,52,TOWER 1 6-52,RESIDENTIAL,Studio - Outer,STUDIO,13.82,FRESH,Samson
LOW,8,56,TOWER 1 8-56,RESIDENTIAL,Studio - Outer,STUDIO,13.06,FRESH,
LOW,9,42,TOWER 1 9-42,RESIDENTIAL,Studio - Courtyard,STUDIO,14.16,FRESH,Ignacio Diaz
LOW,9,44,TOWER 1 9-44,RESIDENTIAL,Studio - Courtyard,STUDIO,14.16,FRESH,
LOW,9,46,TOWER 1 9-46,RESIDENTIAL,Studio - Courtyard,STUDIO,14.16,FRESH,Ignacio Diaz
LOW,9,48,TOWER 1 9-48,RESIDENTIAL,Studio - Courtyard,STUDIO,14.16,FRESH,Ignacio Diaz
LOW,9,50,TOWER 1 9-50,RESIDENTIAL,Studio - Courtyard,STUDIO,14.16,FRESH,Ignacio Diaz
LOW,9,52,TOWER 1 9-52,RESIDENTIAL,Studio - Courtyard,STUDIO,14.16,FRESH,Ignacio Diaz
LOW,9,66,TOWER 1 9-66,RESIDENTIAL,Studio - Outer,STUDIO,13.34,FRESH,PYP
LOW,9,71,TOWER 1 9-71,RESIDENTIAL,Studio - Outer,STUDIO,13.34,FRESH,PYP
LOW,9,83,TOWER 1 9-83,RESIDENTIAL,Studio - Courtyard,STUDIO,14.16,FRESH,INNER UNIT
LOW,9,84,TOWER 1 9-84,RESIDENTIAL,Studio - Courtyard,STUDIO,14.16,FRESH,INNER UNIT
LOW,9,85,TOWER 1 9-85,RESIDENTIAL,Studio - Courtyard,STUDIO,14.16,FRESH,INNER UNIT
LOW,9,86,TOWER 1 9-86,RESIDENTIAL,Studio - Courtyard,STUDIO,14.16,FRESH,INNER UNIT
LOW,9,87,TOWER 1 9-87,RESIDENTIAL,Studio - Courtyard,STUDIO,14.16,FRESH,INNER UNIT
LOW,9,89,TOWER 1 9-89,RESIDENTIAL,Studio - Courtyard,STUDIO,14.16,FRESH,INNER UNIT
LOW,9,91,TOWER 1 9-91,RESIDENTIAL,Studio - Courtyard,STUDIO,14.16,FRESH,
LOW,9,92,TOWER 1 9-92,RESIDENTIAL,Studio - Courtyard,STUDIO,14.16,FRESH,INNER UNIT
LOW,9,93,TOWER 1 9-93,RESIDENTIAL,Studio - Courtyard,STUDIO,14.16,FRESH,INNER UNIT
LOW,9,94,TOWER 1 9-94,RESIDENTIAL,Studio - Courtyard,STUDIO,14.16,FRESH,INNER UNIT
LOW,9,95,TOWER 1 9-95,RESIDENTIAL,Studio - Courtyard,STUDIO,14.16,FRESH,INNER UNIT
LOW,9,97,TOWER 1 9-97,RESIDENTIAL,Studio - Courtyard,STUDIO,14.16,FRESH,INNER UNIT
LOW,9,98,TOWER 1 9-98,RESIDENTIAL,Studio - Courtyard,STUDIO,14.16,FRESH,INNER UNIT
LOW,9,99,TOWER 1 9-99,RESIDENTIAL,Studio - Courtyard,STUDIO,14.16,FRESH,INNER UNIT
LOW,9,110,TOWER 1 9-110,RESIDENTIAL,Studio - Courtyard,STUDIO,14.16,FRESH,Samson
LOW,9,112,TOWER 1 9-112,RESIDENTIAL,Studio - Courtyard,STUDIO,14.16,FRESH,Samson
LOW,9,114,TOWER 1 9-114,RESIDENTIAL,Studio - Courtyard,STUDIO,14.16,FRESH,Samson
LOW,9,116,TOWER 1 9-116,RESIDENTIAL,Studio - Courtyard,STUDIO,14.16,FRESH,
LOW,9,118,TOWER 1 9-118,RESIDENTIAL,Studio - Courtyard,STUDIO,14.16,FRESH,Samson
LOW,9,120,TOWER 1 9-120,RESIDENTIAL,Studio - Courtyard,STUDIO,14.16,FRESH,Samson
LOW,9,122,TOWER 1 9-122,RESIDENTIAL,Studio - Courtyard,STUDIO,14.16,FRESH,Samson
LOW,9,124,TOWER 1 9-124,RESIDENTIAL,Studio - Courtyard,STUDIO,14.16,FRESH,Samson
LOW,10,40,TOWER 1 10-40,RESIDENTIAL,Studio - Courtyard,STUDIO,14.16,FRESH,Ignacio Diaz
LOW,10,42,TOWER 1 10-42,RESIDENTIAL,Studio - Courtyard,STUDIO,14.16,FRESH,Ignacio Diaz
LOW,10,44,TOWER 1 10-44,RESIDENTIAL,Studio - Courtyard,STUDIO,14.16,FRESH,
LOW,10,46,TOWER 1 10-46,RESIDENTIAL,Studio - Courtyard,STUDIO,14.16,FRESH,Ignacio Diaz
LOW,10,52,TOWER 1 10-52,RESIDENTIAL,Studio - Courtyard,STUDIO,14.16,FRESH,Ignacio Diaz
LOW,10,66,TOWER 1 10-66,RESIDENTIAL,Studio - Outer,STUDIO,13.34,FRESH,PYP
LOW,10,82,TOWER 1 10-82,RESIDENTIAL,Studio - Courtyard,STUDIO,14.16,FRESH,INNER UNIT
LOW,10,83,TOWER 1 10-83,RESIDENTIAL,Studio - Courtyard,STUDIO,14.16,FRESH,INNER UNIT
LOW,10,84,TOWER 1 10-84,RESIDENTIAL,Studio - Courtyard,STUDIO,14.16,FRESH,INNER UNIT
LOW,10,85,TOWER 1 10-85,RESIDENTIAL,Studio - Courtyard,STUDIO,14.16,FRESH,INNER UNIT
LOW,10,86,TOWER 1 10-86,RESIDENTIAL,Studio - Courtyard,STUDIO,14.16,FRESH,INNER UNIT
LOW,10,87,TOWER 1 10-87,RESIDENTIAL,Studio - Courtyard,STUDIO,14.16,FRESH,INNER UNIT
LOW,10,89,TOWER 1 10-89,RESIDENTIAL,Studio - Courtyard,STUDIO,14.16,FRESH,INNER UNIT
LOW,10,90,TOWER 1 10-90,RESIDENTIAL,Studio - Courtyard,STUDIO,14.16,FRESH,
LOW,10,92,TOWER 1 10-92,RESIDENTIAL,Studio - Courtyard,STUDIO,14.16,FRESH,INNER UNIT
LOW,10,93,TOWER 1 10-93,RESIDENTIAL,Studio - Courtyard,STUDIO,14.16,FRESH,INNER UNIT
LOW,10,94,TOWER 1 10-94,RESIDENTIAL,Studio - Courtyard,STUDIO,14.16,FRESH,INNER UNIT
LOW,10,96,TOWER 1 10-96,RESIDENTIAL,Studio - Courtyard,STUDIO,14.16,FRESH,INNER UNIT
LOW,10,97,TOWER 1 10-97,RESIDENTIAL,Studio - Courtyard,STUDIO,14.16,FRESH,INNER UNIT
LOW,10,98,TOWER 1 10-98,RESIDENTIAL,Studio - Courtyard,STUDIO,14.16,FRESH,INNER UNIT
LOW,10,99,TOWER 1 10-99,RESIDENTIAL,Studio - Courtyard,STUDIO,14.16,FRESH,INNER UNIT
LOW,10,108,TOWER 1 10-108,RESIDENTIAL,Studio - Courtyard,STUDIO,14.16,FRESH,Samson
LOW,10,110,TOWER 1 10-110,RESIDENTIAL,Studio - Courtyard,STUDIO,14.16,FRESH,Samson
LOW,10,112,TOWER 1 10-112,RESIDENTIAL,Studio - Courtyard,STUDIO,14.16,FRESH,Samson
LOW,10,114,TOWER 1 10-114,RESIDENTIAL,Studio - Courtyard,STUDIO,14.16,FRESH,Samson
LOW,10,116,TOWER 1 10-116,RESIDENTIAL,Studio - Courtyard,STUDIO,14.16,FRESH,
LOW,10,120,TOWER 1 10-120,RESIDENTIAL,Studio - Courtyard,STUDIO,14.16,FRESH,Samson
LOW,10,122,TOWER 1 10-122,RESIDENTIAL,Studio - Courtyard,STUDIO,14.16,FRESH,Samson
LOW,10,124,TOWER 1 10-124,RESIDENTIAL,Studio - Courtyard,STUDIO,14.16,FRESH,Samson
LOW,11,36,TOWER 1 11-36,RESIDENTIAL,Studio - Courtyard,STUDIO,14.16,FRESH,Ignacio Diaz
LOW,11,38,TOWER 1 11-38,RESIDENTIAL,Studio - Courtyard,STUDIO,14.16,FRESH,Ignacio Diaz
LOW,11,40,TOWER 1 11-40,RESIDENTIAL,Studio - Courtyard,STUDIO,14.16,FRESH,Ignacio Diaz
LOW,11,42,TOWER 1 11-42,RESIDENTIAL,Studio - Courtyard,STUDIO,14.16,FRESH,Ignacio Diaz
LOW,11,44,TOWER 1 11-44,RESIDENTIAL,Studio - Courtyard,STUDIO,14.16,FRESH,
LOW,11,52,TOWER 1 11-52,RESIDENTIAL,Studio - Courtyard,STUDIO,14.16,FRESH,Ignacio Diaz
LOW,11,82,TOWER 1 11-82,RESIDENTIAL,Studio - Courtyard,STUDIO,14.16,FRESH,INNER UNIT
LOW,11,83,TOWER 1 11-83,RESIDENTIAL,Studio - Courtyard,STUDIO,14.16,FRESH,INNER UNIT
LOW,11,84,TOWER 1 11-84,RESIDENTIAL,Studio - Courtyard,STUDIO,14.16,FRESH,INNER UNIT
LOW,11,85,TOWER 1 11-85,RESIDENTIAL,Studio - Courtyard,STUDIO,14.16,FRESH,INNER UNIT
LOW,11,86,TOWER 1 11-86,RESIDENTIAL,Studio - Courtyard,STUDIO,14.16,FRESH,INNER UNIT
LOW,11,87,TOWER 1 11-87,RESIDENTIAL,Studio - Courtyard,STUDIO,14.16,FRESH,INNER UNIT
LOW,11,88,TOWER 1 11-88,RESIDENTIAL,Studio - Courtyard,STUDIO,14.16,FRESH,INNER UNIT
LOW,11,89,TOWER 1 11-89,RESIDENTIAL,Studio - Courtyard,STUDIO,14.16,FRESH,INNER UNIT
LOW,11,90,TOWER 1 11-90,RESIDENTIAL,Studio - Courtyard,STUDIO,14.16,FRESH,
LOW,11,91,TOWER 1 11-91,RESIDENTIAL,Studio - Courtyard,STUDIO,14.16,FRESH,
LOW,11,92,TOWER 1 11-92,RESIDENTIAL,Studio - Courtyard,STUDIO,14.16,FRESH,INNER UNIT
LOW,11,93,TOWER 1 11-93,RESIDENTIAL,Studio - Courtyard,STUDIO,14.16,FRESH,INNER UNIT
LOW,11,94,TOWER 1 11-94,RESIDENTIAL,Studio - Courtyard,STUDIO,14.16,FRESH,INNER UNIT
LOW,11,95,TOWER 1 11-95,RESIDENTIAL,Studio - Courtyard,STUDIO,14.16,FRESH,INNER UNIT
LOW,11,96,TOWER 1 11-96,RESIDENTIAL,Studio - Courtyard,STUDIO,14.16,FRESH,INNER UNIT
LOW,11,97,TOWER 1 11-97,RESIDENTIAL,Studio - Courtyard,STUDIO,14.16,FRESH,INNER UNIT
LOW,11,98,TOWER 1 11-98,RESIDENTIAL,Studio - Courtyard,STUDIO,14.16,FRESH,INNER UNIT
LOW,11,99,TOWER 1 11-99,RESIDENTIAL,Studio - Courtyard,STUDIO,14.16,FRESH,INNER UNIT
LOW,11,108,TOWER 1 11-108,RESIDENTIAL,Studio - Courtyard,STUDIO,14.16,FRESH,Samson
LOW,11,110,TOWER 1 11-110,RESIDENTIAL,Studio - Courtyard,STUDIO,14.16,FRESH,Samson
LOW,11,112,TOWER 1 11-112,RESIDENTIAL,Studio - Courtyard,STUDIO,14.16,FRESH,Samson
LOW,11,114,TOWER 1 11-114,RESIDENTIAL,Studio - Courtyard,STUDIO,14.16,FRESH,Samson
LOW,11,116,TOWER 1 11-116,RESIDENTIAL,Studio - Courtyard,STUDIO,14.16,FRESH,
LOW,11,118,TOWER 1 11-118,RESIDENTIAL,Studio - Courtyard,STUDIO,14.16,FRESH,Samson
LOW,11,120,TOWER 1 11-120,RESIDENTIAL,Studio - Courtyard,STUDIO,14.16,FRESH,Samson
LOW,11,124,TOWER 1 11-124,RESIDENTIAL,Studio - Courtyard,STUDIO,14.16,FRESH,Samson
LOW,12,36,TOWER 1 12-36,RESIDENTIAL,Studio - Courtyard,STUDIO,14.16,FRESH,Ignacio Diaz
LOW,12,38,TOWER 1 12-38,RESIDENTIAL,Studio - Courtyard,STUDIO,14.16,FRESH,Ignacio Diaz
LOW,12,42,TOWER 1 12-42,RESIDENTIAL,Studio - Courtyard,STUDIO,14.16,FRESH,Ignacio Diaz
LOW,12,44,TOWER 1 12-44,RESIDENTIAL,Studio - Courtyard,STUDIO,14.16,FRESH,
LOW,12,46,TOWER 1 12-46,RESIDENTIAL,Studio - Courtyard,STUDIO,14.16,FRESH,Ignacio Diaz
LOW,12,48,TOWER 1 12-48,RESIDENTIAL,Studio - Courtyard,STUDIO,14.16,FRESH,Ignacio Diaz
LOW,12,50,TOWER 1 12-50,RESIDENTIAL,Studio - Courtyard,STUDIO,14.16,FRESH,Ignacio Diaz
LOW,12,52,TOWER 1 12-52,RESIDENTIAL,Studio - Courtyard,STUDIO,14.16,FRESH,Ignacio Diaz
LOW,12,82,TOWER 1 12-82,RESIDENTIAL,Studio - Courtyard,STUDIO,14.16,FRESH,INNER UNIT
LOW,12,83,TOWER 1 12-83,RESIDENTIAL,Studio - Courtyard,STUDIO,14.16,FRESH,INNER UNIT
LOW,12,84,TOWER 1 12-84,RESIDENTIAL,Studio - Courtyard,STUDIO,14.16,FRESH,INNER UNIT
LOW,12,85,TOWER 1 12-85,RESIDENTIAL,Studio - Courtyard,STUDIO,14.16,FRESH,INNER UNIT
LOW,12,86,TOWER 1 12-86,RESIDENTIAL,Studio - Courtyard,STUDIO,14.16,FRESH,INNER UNIT
LOW,12,87,TOWER 1 12-87,RESIDENTIAL,Studio - Courtyard,STUDIO,14.16,FRESH,INNER UNIT
LOW,12,88,TOWER 1 12-88,RESIDENTIAL,Studio - Courtyard,STUDIO,14.16,FRESH,INNER UNIT
LOW,12,89,TOWER 1 12-89,RESIDENTIAL,Studio - Courtyard,STUDIO,14.16,FRESH,INNER UNIT
LOW,12,90,TOWER 1 12-90,RESIDENTIAL,Studio - Courtyard,STUDIO,14.16,FRESH,
LOW,12,91,TOWER 1 12-91,RESIDENTIAL,Studio - Courtyard,STUDIO,14.16,FRESH,
LOW,12,92,TOWER 1 12-92,RESIDENTIAL,Studio - Courtyard,STUDIO,14.16,FRESH,INNER UNIT
LOW,12,93,TOWER 1 12-93,RESIDENTIAL,Studio - Courtyard,STUDIO,14.16,FRESH,INNER UNIT
LOW,12,94,TOWER 1 12-94,RESIDENTIAL,Studio - Courtyard,STUDIO,14.16,FRESH,INNER UNIT
LOW,12,95,TOWER 1 12-95,RESIDENTIAL,Studio - Courtyard,STUDIO,14.16,FRESH,INNER UNIT
LOW,12,96,TOWER 1 12-96,RESIDENTIAL,Studio - Courtyard,STUDIO,14.16,FRESH,INNER UNIT
LOW,12,97,TOWER 1 12-97,RESIDENTIAL,Studio - Courtyard,STUDIO,14.16,FRESH,INNER UNIT
LOW,12,98,TOWER 1 12-98,RESIDENTIAL,Studio - Courtyard,STUDIO,14.16,FRESH,INNER UNIT
LOW,12,99,TOWER 1 12-99,RESIDENTIAL,Studio - Courtyard,STUDIO,14.16,FRESH,INNER UNIT
LOW,12,108,TOWER 1 12-108,RESIDENTIAL,Studio - Courtyard,STUDIO,14.16,FRESH,Samson
LOW,12,110,TOWER 1 12-110,RESIDENTIAL,Studio - Courtyard,STUDIO,14.16,FRESH,Samson
LOW,12,112,TOWER 1 12-112,RESIDENTIAL,Studio - Courtyard,STUDIO,14.16,FRESH,Samson
LOW,12,114,TOWER 1 12-114,RESIDENTIAL,Studio - Courtyard,STUDIO,14.16,FRESH,Samson
LOW,12,116,TOWER 1 12-116,RESIDENTIAL,Studio - Courtyard,STUDIO,14.16,FRESH,
LOW,12,118,TOWER 1 12-118,RESIDENTIAL,Studio - Courtyard,STUDIO,14.16,FRESH,Samson
LOW,12,120,TOWER 1 12-120,RESIDENTIAL,Studio - Courtyard,STUDIO,14.16,FRESH,Samson
LOW,12,122,TOWER 1 12-122,RESIDENTIAL,Studio - Courtyard,STUDIO,14.16,FRESH,Samson
LOW,12,124,TOWER 1 12-124,RESIDENTIAL,Studio - Courtyard,STUDIO,14.16,FRESH,Samson
LOW,14,38,TOWER 1 14-38,RESIDENTIAL,Studio - Courtyard,STUDIO,14.16,FRESH,Ignacio Diaz
LOW,14,40,TOWER 1 14-40,RESIDENTIAL,Studio - Courtyard,STUDIO,14.16,FRESH,Ignacio Diaz
LOW,14,42,TOWER 1 14-42,RESIDENTIAL,Studio - Courtyard,STUDIO,14.16,FRESH,Ignacio Diaz
LOW,14,44,TOWER 1 14-44,RESIDENTIAL,Studio - Courtyard,STUDIO,14.16,FRESH,
LOW,14,48,TOWER 1 14-48,RESIDENTIAL,Studio - Courtyard,STUDIO,14.16,FRESH,Ignacio Diaz
LOW,14,50,TOWER 1 14-50,RESIDENTIAL,Studio - Courtyard,STUDIO,14.16,FRESH,Ignacio Diaz
LOW,14,52,TOWER 1 14-52,RESIDENTIAL,Studio - Courtyard,STUDIO,14.16,FRESH,Ignacio Diaz
LOW,14,82,TOWER 1 14-82,RESIDENTIAL,Studio - Courtyard,STUDIO,14.16,FRESH,INNER UNIT
LOW,14,83,TOWER 1 14-83,RESIDENTIAL,Studio - Courtyard,STUDIO,14.16,FRESH,INNER UNIT
LOW,14,84,TOWER 1 14-84,RESIDENTIAL,Studio - Courtyard,STUDIO,14.16,FRESH,INNER UNIT
LOW,14,85,TOWER 1 14-85,RESIDENTIAL,Studio - Courtyard,STUDIO,14.16,FRESH,INNER UNIT
LOW,14,86,TOWER 1 14-86,RESIDENTIAL,Studio - Courtyard,STUDIO,14.16,FRESH,INNER UNIT
LOW,14,87,TOWER 1 14-87,RESIDENTIAL,Studio - Courtyard,STUDIO,14.16,FRESH,INNER UNIT
LOW,14,88,TOWER 1 14-88,RESIDENTIAL,Studio - Courtyard,STUDIO,14.16,FRESH,INNER UNIT
LOW,14,89,TOWER 1 14-89,RESIDENTIAL,Studio - Courtyard,STUDIO,14.16,FRESH,INNER UNIT
LOW,14,90,TOWER 1 14-90,RESIDENTIAL,Studio - Courtyard,STUDIO,14.16,FRESH,
LOW,14,91,TOWER 1 14-91,RESIDENTIAL,Studio - Courtyard,STUDIO,14.16,FRESH,
LOW,14,92,TOWER 1 14-92,RESIDENTIAL,Studio - Courtyard,STUDIO,14.16,FRESH,INNER UNIT
LOW,14,93,TOWER 1 14-93,RESIDENTIAL,Studio - Courtyard,STUDIO,14.16,FRESH,INNER UNIT
LOW,14,94,TOWER 1 14-94,RESIDENTIAL,Studio - Courtyard,STUDIO,14.16,FRESH,INNER UNIT
LOW,14,95,TOWER 1 14-95,RESIDENTIAL,Studio - Courtyard,STUDIO,14.16,FRESH,INNER UNIT
LOW,14,96,TOWER 1 14-96,RESIDENTIAL,Studio - Courtyard,STUDIO,14.16,FRESH,INNER UNIT
LOW,14,97,TOWER 1 14-97,RESIDENTIAL,Studio - Courtyard,STUDIO,14.16,FRESH,INNER UNIT
LOW,14,98,TOWER 1 14-98,RESIDENTIAL,Studio - Courtyard,STUDIO,14.16,FRESH,INNER UNIT
LOW,14,99,TOWER 1 14-99,RESIDENTIAL,Studio - Courtyard,STUDIO,14.16,FRESH,INNER UNIT
LOW,14,108,TOWER 1 14-108,RESIDENTIAL,Studio - Courtyard,STUDIO,14.16,FRESH,Samson
LOW,14,110,TOWER 1 14-110,RESIDENTIAL,Studio - Courtyard,STUDIO,14.16,FRESH,Samson
LOW,14,112,TOWER 1 14-112,RESIDENTIAL,Studio - Courtyard,STUDIO,14.16,FRESH,Samson
LOW,14,114,TOWER 1 14-114,RESIDENTIAL,Studio - Courtyard,STUDIO,14.16,FRESH,Samson
LOW,14,116,TOWER 1 14-116,RESIDENTIAL,Studio - Courtyard,STUDIO,14.16,FRESH,
LOW,14,118,TOWER 1 14-118,RESIDENTIAL,Studio - Courtyard,STUDIO,14.16,FRESH,Samson
LOW,14,120,TOWER 1 14-120,RESIDENTIAL,Studio - Courtyard,STUDIO,14.16,FRESH,Samson
LOW,14,122,TOWER 1 14-122,RESIDENTIAL,Studio - Courtyard,STUDIO,14.16,FRESH,Samson
LOW,14,124,TOWER 1 14-124,RESIDENTIAL,Studio - Courtyard,STUDIO,14.16,FRESH,Samson
LOW,15,38,TOWER 1 15-38,RESIDENTIAL,Studio - Courtyard,STUDIO,14.16,FRESH,Ignacio Diaz
LOW,15,40,TOWER 1 15-40,RESIDENTIAL,Studio - Courtyard,STUDIO,14.16,FRESH,Ignacio Diaz
LOW,15,42,TOWER 1 15-42,RESIDENTIAL,Studio - Courtyard,STUDIO,14.16,FRESH,Ignacio Diaz
LOW,15,44,TOWER 1 15-44,RESIDENTIAL,Studio - Courtyard,STUDIO,14.16,FRESH,
LOW,15,46,TOWER 1 15-46,RESIDENTIAL,Studio - Courtyard,STUDIO,14.16,FRESH,Ignacio Diaz
LOW,15,48,TOWER 1 15-48,RESIDENTIAL,Studio - Courtyard,STUDIO,14.16,FRESH,Ignacio Diaz
LOW,15,50,TOWER 1 15-50,RESIDENTIAL,Studio - Courtyard,STUDIO,14.16,FRESH,Ignacio Diaz
LOW,15,52,TOWER 1 15-52,RESIDENTIAL,Studio - Courtyard,STUDIO,14.16,FRESH,Ignacio Diaz
LOW,15,82,TOWER 1 15-82,RESIDENTIAL,Studio - Courtyard,STUDIO,14.16,FRESH,INNER UNIT
LOW,15,83,TOWER 1 15-83,RESIDENTIAL,Studio - Courtyard,STUDIO,14.16,FRESH,INNER UNIT
LOW,15,84,TOWER 1 15-84,RESIDENTIAL,Studio - Courtyard,STUDIO,14.16,FRESH,INNER UNIT
LOW,15,85,TOWER 1 15-85,RESIDENTIAL,Studio - Courtyard,STUDIO,14.16,FRESH,INNER UNIT
LOW,15,86,TOWER 1 15-86,RESIDENTIAL,Studio - Courtyard,STUDIO,14.16,FRESH,INNER UNIT
LOW,15,87,TOWER 1 15-87,RESIDENTIAL,Studio - Courtyard,STUDIO,14.16,FRESH,INNER UNIT
LOW,15,89,TOWER 1 15-89,RESIDENTIAL,Studio - Courtyard,STUDIO,14.16,FRESH,INNER UNIT
LOW,15,90,TOWER 1 15-90,RESIDENTIAL,Studio - Courtyard,STUDIO,14.16,FRESH,
LOW,15,91,TOWER 1 15-91,RESIDENTIAL,Studio - Courtyard,STUDIO,14.16,FRESH,
LOW,15,92,TOWER 1 15-92,RESIDENTIAL,Studio - Courtyard,STUDIO,14.16,FRESH,INNER UNIT
LOW,15,93,TOWER 1 15-93,RESIDENTIAL,Studio - Courtyard,STUDIO,14.16,FRESH,INNER UNIT
LOW,15,94,TOWER 1 15-94,RESIDENTIAL,Studio - Courtyard,STUDIO,14.16,FRESH,INNER UNIT
LOW,15,95,TOWER 1 15-95,RESIDENTIAL,Studio - Courtyard,STUDIO,14.16,FRESH,INNER UNIT
LOW,15,97,TOWER 1 15-97,RESIDENTIAL,Studio - Courtyard,STUDIO,14.16,FRESH,INNER UNIT
LOW,15,98,TOWER 1 15-98,RESIDENTIAL,Studio - Courtyard,STUDIO,14.16,FRESH,INNER UNIT
LOW,15,99,TOWER 1 15-99,RESIDENTIAL,Studio - Courtyard,STUDIO,14.16,FRESH,INNER UNIT
LOW,15,108,TOWER 1 15-108,RESIDENTIAL,Studio - Courtyard,STUDIO,14.16,FRESH,Samson
LOW,15,110,TOWER 1 15-110,RESIDENTIAL,Studio - Courtyard,STUDIO,14.16,FRESH,Samson
LOW,15,112,TOWER 1 15-112,RESIDENTIAL,Studio - Courtyard,STUDIO,14.16,FRESH,Samson
LOW,15,114,TOWER 1 15-114,RESIDENTIAL,Studio - Courtyard,STUDIO,14.16,FRESH,Samson
LOW,15,118,TOWER 1 15-118,RESIDENTIAL,Studio - Courtyard,STUDIO,14.16,FRESH,Samson
LOW,15,120,TOWER 1 15-120,RESIDENTIAL,Studio - Courtyard,STUDIO,14.16,FRESH,Samson
LOW,15,122,TOWER 1 15-122,RESIDENTIAL,Studio - Courtyard,STUDIO,14.16,FRESH,Samson
LOW,15,124,TOWER 1 15-124,RESIDENTIAL,Studio - Courtyard,STUDIO,14.16,FRESH,Samson
LOW,16,36,TOWER 1 16-36,RESIDENTIAL,Studio - Courtyard,STUDIO,14.16,FRESH,Ignacio Diaz
LOW,16,38,TOWER 1 16-38,RESIDENTIAL,Studio - Courtyard,STUDIO,14.16,FRESH,Ignacio Diaz
LOW,16,40,TOWER 1 16-40,RESIDENTIAL,Studio - Courtyard,STUDIO,14.16,FRESH,Ignacio Diaz
LOW,16,42,TOWER 1 16-42,RESIDENTIAL,Studio - Courtyard,STUDIO,14.16,FRESH,Ignacio Diaz
LOW,16,44,TOWER 1 16-44,RESIDENTIAL,Studio - Courtyard,STUDIO,14.16,FRESH,
LOW,16,46,TOWER 1 16-46,RESIDENTIAL,Studio - Courtyard,STUDIO,14.16,FRESH,Ignacio Diaz
LOW,16,50,TOWER 1 16-50,RESIDENTIAL,Studio - Courtyard,STUDIO,14.16,FRESH,Ignacio Diaz
LOW,16,52,TOWER 1 16-52,RESIDENTIAL,Studio - Courtyard,STUDIO,14.16,FRESH,Ignacio Diaz
LOW,16,82,TOWER 1 16-82,RESIDENTIAL,Studio - Courtyard,STUDIO,14.16,FRESH,INNER UNIT
LOW,16,83,TOWER 1 16-83,RESIDENTIAL,Studio - Courtyard,STUDIO,14.16,FRESH,INNER UNIT
LOW,16,84,TOWER 1 16-84,RESIDENTIAL,Studio - Courtyard,STUDIO,14.16,FRESH,INNER UNIT
LOW,16,85,TOWER 1 16-85,RESIDENTIAL,Studio - Courtyard,STUDIO,14.16,FRESH,INNER UNIT
LOW,16,87,TOWER 1 16-87,RESIDENTIAL,Studio - Courtyard,STUDIO,14.16,FRESH,INNER UNIT
LOW,16,89,TOWER 1 16-89,RESIDENTIAL,Studio - Courtyard,STUDIO,14.16,FRESH,INNER UNIT
LOW,16,90,TOWER 1 16-90,RESIDENTIAL,Studio - Courtyard,STUDIO,14.16,FRESH,
LOW,16,91,TOWER 1 16-91,RESIDENTIAL,Studio - Courtyard,STUDIO,14.16,FRESH,
LOW,16,92,TOWER 1 16-92,RESIDENTIAL,Studio - Courtyard,STUDIO,14.16,FRESH,INNER UNIT
LOW,16,93,TOWER 1 16-93,RESIDENTIAL,Studio - Courtyard,STUDIO,14.16,FRESH,INNER UNIT
LOW,16,94,TOWER 1 16-94,RESIDENTIAL,Studio - Courtyard,STUDIO,14.16,FRESH,INNER UNIT
LOW,16,95,TOWER 1 16-95,RESIDENTIAL,Studio - Courtyard,STUDIO,14.16,FRESH,INNER UNIT
LOW,16,96,TOWER 1 16-96,RESIDENTIAL,Studio - Courtyard,STUDIO,14.16,FRESH,INNER UNIT
LOW,16,97,TOWER 1 16-97,RESIDENTIAL,Studio - Courtyard,STUDIO,14.16,FRESH,INNER UNIT
LOW,16,99,TOWER 1 16-99,RESIDENTIAL,Studio - Courtyard,STUDIO,14.16,FRESH,INNER UNIT
LOW,16,108,TOWER 1 16-108,RESIDENTIAL,Studio - Courtyard,STUDIO,14.16,FRESH,Samson
LOW,16,110,TOWER 1 16-110,RESIDENTIAL,Studio - Courtyard,STUDIO,14.16,FRESH,Samson
LOW,16,112,TOWER 1 16-112,RESIDENTIAL,Studio - Courtyard,STUDIO,14.16,FRESH,Samson
LOW,16,114,TOWER 1 16-114,RESIDENTIAL,Studio - Courtyard,STUDIO,14.16,FRESH,Samson
LOW,16,116,TOWER 1 16-116,RESIDENTIAL,Studio - Courtyard,STUDIO,14.16,FRESH,
LOW,16,118,TOWER 1 16-118,RESIDENTIAL,Studio - Courtyard,STUDIO,14.16,FRESH,Samson
LOW,16,120,TOWER 1 16-120,RESIDENTIAL,Studio - Courtyard,STUDIO,14.16,FRESH,Samson
LOW,16,122,TOWER 1 16-122,RESIDENTIAL,Studio - Courtyard,STUDIO,14.16,FRESH,Samson
LOW,16,124,TOWER 1 16-124,RESIDENTIAL,Studio - Courtyard,STUDIO,14.16,FRESH,Samson
LOW,17,36,TOWER 1 17-36,RESIDENTIAL,Studio - Courtyard,STUDIO,14.16,FRESH,Ignacio Diaz
LOW,17,38,TOWER 1 17-38,RESIDENTIAL,Studio - Courtyard,STUDIO,14.16,FRESH,Ignacio Diaz
LOW,17,40,TOWER 1 17-40,RESIDENTIAL,Studio - Courtyard,STUDIO,14.16,FRESH,Ignacio Diaz
LOW,17,42,TOWER 1 17-42,RESIDENTIAL,Studio - Courtyard,STUDIO,14.16,FRESH,Ignacio Diaz
LOW,17,44,TOWER 1 17-44,RESIDENTIAL,Studio - Courtyard,STUDIO,14.16,FRESH,
LOW,17,46,TOWER 1 17-46,RESIDENTIAL,Studio - Courtyard,STUDIO,14.16,FRESH,Ignacio Diaz
LOW,17,48,TOWER 1 17-48,RESIDENTIAL,Studio - Courtyard,STUDIO,14.16,FRESH,Ignacio Diaz
LOW,17,50,TOWER 1 17-50,RESIDENTIAL,Studio - Courtyard,STUDIO,14.16,FRESH,Ignacio Diaz
LOW,17,52,TOWER 1 17-52,RESIDENTIAL,Studio - Courtyard,STUDIO,14.16,FRESH,Ignacio Diaz
LOW,17,82,TOWER 1 17-82,RESIDENTIAL,Studio - Courtyard,STUDIO,14.16,FRESH,INNER UNIT
LOW,17,83,TOWER 1 17-83,RESIDENTIAL,Studio - Courtyard,STUDIO,14.16,FRESH,INNER UNIT
LOW,17,84,TOWER 1 17-84,RESIDENTIAL,Studio - Courtyard,STUDIO,14.16,FRESH,INNER UNIT
LOW,17,85,TOWER 1 17-85,RESIDENTIAL,Studio - Courtyard,STUDIO,14.16,FRESH,INNER UNIT
LOW,17,86,TOWER 1 17-86,RESIDENTIAL,Studio - Courtyard,STUDIO,14.16,FRESH,INNER UNIT
LOW,17,87,TOWER 1 17-87,RESIDENTIAL,Studio - Courtyard,STUDIO,14.16,FRESH,INNER UNIT
LOW,17,89,TOWER 1 17-89,RESIDENTIAL,Studio - Courtyard,STUDIO,14.16,FRESH,INNER UNIT
LOW,17,90,TOWER 1 17-90,RESIDENTIAL,Studio - Courtyard,STUDIO,14.16,FRESH,
LOW,17,91,TOWER 1 17-91,RESIDENTIAL,Studio - Courtyard,STUDIO,14.16,FRESH,
LOW,17,92,TOWER 1 17-92,RESIDENTIAL,Studio - Courtyard,STUDIO,14.16,FRESH,INNER UNIT
LOW,17,93,TOWER 1 17-93,RESIDENTIAL,Studio - Courtyard,STUDIO,14.16,FRESH,INNER UNIT
LOW,17,94,TOWER 1 17-94,RESIDENTIAL,Studio - Courtyard,STUDIO,14.16,FRESH,INNER UNIT
LOW,17,95,TOWER 1 17-95,RESIDENTIAL,Studio - Courtyard,STUDIO,14.16,FRESH,INNER UNIT
LOW,17,96,TOWER 1 17-96,RESIDENTIAL,Studio - Courtyard,STUDIO,14.16,FRESH,INNER UNIT
LOW,17,97,TOWER 1 17-97,RESIDENTIAL,Studio - Courtyard,STUDIO,14.16,FRESH,INNER UNIT
LOW,17,98,TOWER 1 17-98,RESIDENTIAL,Studio - Courtyard,STUDIO,14.16,FRESH,INNER UNIT
LOW,17,99,TOWER 1 17-99,RESIDENTIAL,Studio - Courtyard,STUDIO,14.16,FRESH,INNER UNIT
LOW,17,108,TOWER 1 17-108,RESIDENTIAL,Studio - Courtyard,STUDIO,14.16,FRESH,Samson
LOW,17,110,TOWER 1 17-110,RESIDENTIAL,Studio - Courtyard,STUDIO,14.16,FRESH,Samson
LOW,17,112,TOWER 1 17-112,RESIDENTIAL,Studio - Courtyard,STUDIO,14.16,FRESH,Samson
LOW,17,114,TOWER 1 17-114,RESIDENTIAL,Studio - Courtyard,STUDIO,14.16,FRESH,Samson
LOW,17,116,TOWER 1 17-116,RESIDENTIAL,Studio - Courtyard,STUDIO,14.16,FRESH,
LOW,17,118,TOWER 1 17-118,RESIDENTIAL,Studio - Courtyard,STUDIO,14.16,FRESH,Samson
LOW,17,120,TOWER 1 17-120,RESIDENTIAL,Studio - Courtyard,STUDIO,14.16,FRESH,Samson
LOW,17,122,TOWER 1 17-122,RESIDENTIAL,Studio - Courtyard,STUDIO,14.16,FRESH,Samson
LOW,17,124,TOWER 1 17-124,RESIDENTIAL,Studio - Courtyard,STUDIO,14.16,FRESH,Samson
LOW,18,36,TOWER 1 18-36,RESIDENTIAL,Studio - Courtyard,STUDIO,14.16,FRESH,Ignacio Diaz
LOW,18,40,TOWER 1 18-40,RESIDENTIAL,Studio - Courtyard,STUDIO,14.16,FRESH,Ignacio Diaz
LOW,18,42,TOWER 1 18-42,RESIDENTIAL,Studio - Courtyard,STUDIO,14.16,FRESH,Ignacio Diaz
LOW,18,44,TOWER 1 18-44,RESIDENTIAL,Studio - Courtyard,STUDIO,14.16,FRESH,
LOW,18,46,TOWER 1 18-46,RESIDENTIAL,Studio - Courtyard,STUDIO,14.16,FRESH,Ignacio Diaz
LOW,18,48,TOWER 1 18-48,RESIDENTIAL,Studio - Courtyard,STUDIO,14.16,FRESH,Ignacio Diaz
LOW,18,52,TOWER 1 18-52,RESIDENTIAL,Studio - Courtyard,STUDIO,14.16,FRESH,Ignacio Diaz
LOW,18,82,TOWER 1 18-82,RESIDENTIAL,Studio - Courtyard,STUDIO,14.16,FRESH,INNER UNIT
LOW,18,83,TOWER 1 18-83,RESIDENTIAL,Studio - Courtyard,STUDIO,14.16,FRESH,INNER UNIT
LOW,18,84,TOWER 1 18-84,RESIDENTIAL,Studio - Courtyard,STUDIO,14.16,FRESH,INNER UNIT
LOW,18,85,TOWER 1 18-85,RESIDENTIAL,Studio - Courtyard,STUDIO,14.16,FRESH,INNER UNIT
LOW,18,87,TOWER 1 18-87,RESIDENTIAL,Studio - Courtyard,STUDIO,14.16,FRESH,INNER UNIT
LOW,18,89,TOWER 1 18-89,RESIDENTIAL,Studio - Courtyard,STUDIO,14.16,FRESH,INNER UNIT
LOW,18,91,TOWER 1 18-91,RESIDENTIAL,Studio - Courtyard,STUDIO,14.16,FRESH,
LOW,18,92,TOWER 1 18-92,RESIDENTIAL,Studio - Courtyard,STUDIO,14.16,FRESH,INNER UNIT
LOW,18,93,TOWER 1 18-93,RESIDENTIAL,Studio - Courtyard,STUDIO,14.16,FRESH,INNER UNIT
LOW,18,95,TOWER 1 18-95,RESIDENTIAL,Studio - Courtyard,STUDIO,14.16,FRESH,INNER UNIT
LOW,18,96,TOWER 1 18-96,RESIDENTIAL,Studio - Courtyard,STUDIO,14.16,FRESH,INNER UNIT
LOW,18,98,TOWER 1 18-98,RESIDENTIAL,Studio - Courtyard,STUDIO,14.16,FRESH,INNER UNIT
LOW,18,108,TOWER 1 18-108,RESIDENTIAL,Studio - Courtyard,STUDIO,14.16,FRESH,Samson
LOW,18,110,TOWER 1 18-110,RESIDENTIAL,Studio - Courtyard,STUDIO,14.16,FRESH,Samson
LOW,18,112,TOWER 1 18-112,RESIDENTIAL,Studio - Courtyard,STUDIO,14.16,FRESH,Samson
LOW,18,114,TOWER 1 18-114,RESIDENTIAL,Studio - Courtyard,STUDIO,14.16,FRESH,Samson
LOW,18,116,TOWER 1 18-116,RESIDENTIAL,Studio - Courtyard,STUDIO,14.16,FRESH,
LOW,18,120,TOWER 1 18-120,RESIDENTIAL,Studio - Courtyard,STUDIO,14.16,FRESH,Samson
LOW,18,122,TOWER 1 18-122,RESIDENTIAL,Studio - Courtyard,STUDIO,14.16,FRESH,Samson
LOW,18,124,TOWER 1 18-124,RESIDENTIAL,Studio - Courtyard,STUDIO,14.16,FRESH,Samson
MID,19,4,TOWER 1 19-4,RESIDENTIAL,Studio - Outer,STUDIO,13.06,FRESH,EDSA
MID,19,7,TOWER 1 19-7,RESIDENTIAL,Studio - Outer,STUDIO,13.06,FRESH,EDSA
MID,19,8,TOWER 1 19-8,RESIDENTIAL,Studio - Courtyard,STUDIO,12.43,FRESH,EDSA
MID,19,10,TOWER 1 19-10,RESIDENTIAL,Studio - Courtyard,STUDIO,12.12,FRESH,EDSA
MID,19,12,TOWER 1 19-12,RESIDENTIAL,Studio - Courtyard,STUDIO,12.12,FRESH,EDSA
MID,19,13,TOWER 1 19-13,RESIDENTIAL,Studio - Outer,STUDIO,13.06,FRESH,EDSA
MID,19,14,TOWER 1 19-14,RESIDENTIAL,Studio - Courtyard,STUDIO,12.43,FRESH,EDSA
MID,19,17,TOWER 1 19-17,RESIDENTIAL,Studio - Outer,STUDIO,13.06,FRESH,EDSA
MID,19,20,TOWER 1 19-20,RESIDENTIAL,Studio - Courtyard,STUDIO,12.43,FRESH,EDSA
MID,19,22,TOWER 1 19-22,RESIDENTIAL,Studio - Courtyard,STUDIO,12.12,FRESH,EDSA
MID,19,24,TOWER 1 19-24,RESIDENTIAL,Studio - Courtyard,STUDIO,12.12,FRESH,EDSA
MID,19,26,TOWER 1 19-26,RESIDENTIAL,Studio - Courtyard,STUDIO,12.43,FRESH,EDSA
MID,19,32,TOWER 1 19-32,RESIDENTIAL,Studio - Outer,STUDIO,13.06,FRESH,
MID,19,35,TOWER 1 19-35,RESIDENTIAL,Studio - Outer,STUDIO,13.67,FRESH,Ignacio Diaz
MID,19,36,TOWER 1 19-36,RESIDENTIAL,Studio - Courtyard,STUDIO,14.16,FRESH,Ignacio Diaz
MID,19,38,TOWER 1 19-38,RESIDENTIAL,Studio - Courtyard,STUDIO,14.16,FRESH,Ignacio Diaz
MID,19,39,TOWER 1 19-39,RESIDENTIAL,Studio - Outer,STUDIO,13.82,FRESH,Ignacio Diaz
MID,19,40,TOWER 1 19-40,RESIDENTIAL,Studio - Courtyard,STUDIO,14.16,FRESH,Ignacio Diaz
MID,19,41,TOWER 1 19-41,RESIDENTIAL,Studio - Outer,STUDIO,13.82,FRESH,Ignacio Diaz
MID,19,42,TOWER 1 19-42,RESIDENTIAL,Studio - Courtyard,STUDIO,14.16,FRESH,Ignacio Diaz
MID,19,43,TOWER 1 19-43,RESIDENTIAL,Studio - Outer,STUDIO,13.82,FRESH,
MID,19,44,TOWER 1 19-44,RESIDENTIAL,Studio - Courtyard,STUDIO,14.16,FRESH,
MID,19,45,TOWER 1 19-45,RESIDENTIAL,Studio - Outer,STUDIO,13.82,FRESH,Ignacio Diaz
MID,19,46,TOWER 1 19-46,RESIDENTIAL,Studio - Courtyard,STUDIO,14.16,FRESH,Ignacio Diaz
MID,19,47,TOWER 1 19-47,RESIDENTIAL,Studio - Outer,STUDIO,13.82,FRESH,Ignacio Diaz
MID,19,48,TOWER 1 19-48,RESIDENTIAL,Studio - Courtyard,STUDIO,14.16,FRESH,Ignacio Diaz
MID,19,49,TOWER 1 19-49,RESIDENTIAL,Studio - Outer,STUDIO,13.82,FRESH,Ignacio Diaz
MID,19,50,TOWER 1 19-50,RESIDENTIAL,Studio - Courtyard,STUDIO,14.16,FRESH,Ignacio Diaz
MID,19,52,TOWER 1 19-52,RESIDENTIAL,Studio - Courtyard,STUDIO,14.16,FRESH,Ignacio Diaz
MID,19,54,TOWER 1 19-54,RESIDENTIAL,Studio - Outer,STUDIO,13.82,FRESH,Ignacio Diaz
MID,19,55,TOWER 1 19-55,RESIDENTIAL,Studio - Outer,STUDIO,13.82,FRESH,
MID,19,57,TOWER 1 19-57,RESIDENTIAL,Studio - Outer,STUDIO,14.16,FRESH,Ignacio Diaz
MID,19,59,TOWER 1 19-59,RESIDENTIAL,Studio - Outer,STUDIO,14.16,FRESH,Ignacio Diaz
MID,19,62,TOWER 1 19-62,RESIDENTIAL,Studio - Outer,STUDIO,12.47,FRESH,PYP
MID,19,63,TOWER 1 19-63,RESIDENTIAL,Studio - Courtyard,STUDIO,12.43,FRESH,PYP
MID,19,64,TOWER 1 19-64,RESIDENTIAL,Studio - Outer,STUDIO,12.25,FRESH,PYP
MID,19,65,TOWER 1 19-65,RESIDENTIAL,Studio - Courtyard,STUDIO,12.12,FRESH,PYP
MID,19,66,TOWER 1 19-66,RESIDENTIAL,Studio - Outer,STUDIO,13.34,FRESH,PYP
MID,19,67,TOWER 1 19-67,RESIDENTIAL,Studio - Courtyard,STUDIO,12.12,FRESH,PYP
MID,19,68,TOWER 1 19-68,RESIDENTIAL,Studio - Outer,STUDIO,13.34,FRESH,PYP
MID,19,69,TOWER 1 19-69,RESIDENTIAL,Studio - Courtyard,STUDIO,12.43,FRESH,PYP
MID,19,70,TOWER 1 19-70,RESIDENTIAL,Studio - Outer,STUDIO,13.34,FRESH,PYP
MID,19,71,TOWER 1 19-71,RESIDENTIAL,Studio - Outer,STUDIO,13.34,FRESH,PYP
MID,19,72,TOWER 1 19-72,RESIDENTIAL,Studio - Outer,STUDIO,13.34,FRESH,PYP
MID,19,73,TOWER 1 19-73,RESIDENTIAL,Studio - Outer,STUDIO,13.34,FRESH,PYP
MID,19,74,TOWER 1 19-74,RESIDENTIAL,Studio - Outer,STUDIO,13.34,FRESH,PYP
MID,19,75,TOWER 1 19-75,RESIDENTIAL,Studio - Courtyard,STUDIO,12.43,FRESH,PYP
MID,19,76,TOWER 1 19-76,RESIDENTIAL,Studio - Outer,STUDIO,13.34,FRESH,PYP
MID,19,78,TOWER 1 19-78,RESIDENTIAL,Studio - Outer,STUDIO,12.25,FRESH,PYP
MID,19,79,TOWER 1 19-79,RESIDENTIAL,Studio - Courtyard,STUDIO,12.12,FRESH,PYP
MID,19,80,TOWER 1 19-80,RESIDENTIAL,Studio - Outer,STUDIO,12.47,FRESH,PYP
MID,19,81,TOWER 1 19-81,RESIDENTIAL,Studio - Courtyard,STUDIO,12.43,FRESH,PYP
MID,19,82,TOWER 1 19-82,RESIDENTIAL,Studio - Courtyard,STUDIO,14.16,FRESH,INNER UNIT
MID,19,83,TOWER 1 19-83,RESIDENTIAL,Studio - Courtyard,STUDIO,14.16,FRESH,INNER UNIT
MID,19,84,TOWER 1 19-84,RESIDENTIAL,Studio - Courtyard,STUDIO,14.16,FRESH,INNER UNIT
MID,19,85,TOWER 1 19-85,RESIDENTIAL,Studio - Courtyard,STUDIO,14.16,FRESH,INNER UNIT
MID,19,86,TOWER 1 19-86,RESIDENTIAL,Studio - Courtyard,STUDIO,14.16,FRESH,INNER UNIT
MID,19,87,TOWER 1 19-87,RESIDENTIAL,Studio - Courtyard,STUDIO,14.16,FRESH,INNER UNIT
MID,19,88,TOWER 1 19-88,RESIDENTIAL,Studio - Courtyard,STUDIO,14.16,FRESH,INNER UNIT
MID,19,89,TOWER 1 19-89,RESIDENTIAL,Studio - Courtyard,STUDIO,14.16,FRESH,INNER UNIT
MID,19,90,TOWER 1 19-90,RESIDENTIAL,Studio - Courtyard,STUDIO,14.16,FRESH,
MID,19,91,TOWER 1 19-91,RESIDENTIAL,Studio - Courtyard,STUDIO,14.16,FRESH,
MID,19,92,TOWER 1 19-92,RESIDENTIAL,Studio - Courtyard,STUDIO,14.16,FRESH,INNER UNIT
MID,19,93,TOWER 1 19-93,RESIDENTIAL,Studio - Courtyard,STUDIO,14.16,FRESH,INNER UNIT
MID,19,94,TOWER 1 19-94,RESIDENTIAL,Studio - Courtyard,STUDIO,14.16,FRESH,INNER UNIT
MID,19,95,TOWER 1 19-95,RESIDENTIAL,Studio - Courtyard,STUDIO,14.16,FRESH,INNER UNIT
MID,19,96,TOWER 1 19-96,RESIDENTIAL,Studio - Courtyard,STUDIO,14.16,FRESH,INNER UNIT
MID,19,97,TOWER 1 19-97,RESIDENTIAL,Studio - Courtyard,STUDIO,14.16,FRESH,INNER UNIT
MID,19,98,TOWER 1 19-98,RESIDENTIAL,Studio - Courtyard,STUDIO,14.16,FRESH,INNER UNIT
MID,19,99,TOWER 1 19-99,RESIDENTIAL,Studio - Courtyard,STUDIO,14.16,FRESH,INNER UNIT
MID,19,103,TOWER 1 19-103,RESIDENTIAL,Studio - Outer,STUDIO,14.16,FRESH,
MID,19,104,TOWER 1 19-104,RESIDENTIAL,Studio - Outer,STUDIO,13.82,FRESH,Samson
MID,19,105,TOWER 1 19-105,RESIDENTIAL,Studio - Outer,STUDIO,13.82,FRESH,
MID,19,106,TOWER 1 19-106,RESIDENTIAL,Studio - Outer,STUDIO,13.82,FRESH,Samson
MID,19,108,TOWER 1 19-108,RESIDENTIAL,Studio - Courtyard,STUDIO,14.16,FRESH,Samson
MID,19,110,TOWER 1 19-110,RESIDENTIAL,Studio - Courtyard,STUDIO,14.16,FRESH,Samson
MID,19,112,TOWER 1 19-112,RESIDENTIAL,Studio - Courtyard,STUDIO,14.16,FRESH,Samson
MID,19,114,TOWER 1 19-114,RESIDENTIAL,Studio - Courtyard,STUDIO,14.16,FRESH,Samson
MID,19,116,TOWER 1 19-116,RESIDENTIAL,Studio - Courtyard,STUDIO,14.16,FRESH,
MID,19,118,TOWER 1 19-118,RESIDENTIAL,Studio - Courtyard,STUDIO,14.16,FRESH,Samson
MID,19,120,TOWER 1 19-120,RESIDENTIAL,Studio - Courtyard,STUDIO,14.16,FRESH,Samson
MID,19,121,TOWER 1 19-121,RESIDENTIAL,Studio - Outer,STUDIO,13.82,FRESH,Samson
MID,19,122,TOWER 1 19-122,RESIDENTIAL,Studio - Courtyard,STUDIO,14.16,FRESH,Samson
MID,19,123,TOWER 1 19-123,RESIDENTIAL,Studio - Outer,STUDIO,12.56,FRESH,Samson
MID,19,124,TOWER 1 19-124,RESIDENTIAL,Studio - Courtyard,STUDIO,14.16,FRESH,Samson
MID,19,125,TOWER 1 19-125,RESIDENTIAL,Studio - Outer,STUDIO,13.67,FRESH,Samson
MID,20,2,TOWER 1 20-2,RESIDENTIAL,Studio - Outer,STUDIO,13.06,FRESH,
MID,20,5,TOWER 1 20-5,RESIDENTIAL,Studio - Outer,STUDIO,13.06,FRESH,EDSA
MID,20,7,TOWER 1 20-7,RESIDENTIAL,Studio - Outer,STUDIO,13.06,FRESH,EDSA
MID,20,9,TOWER 1 20-9,RESIDENTIAL,Studio - Outer,STUDIO,13.06,FRESH,EDSA
MID,20,10,TOWER 1 20-10,RESIDENTIAL,Studio - Courtyard,STUDIO,12.12,FRESH,EDSA
MID,20,12,TOWER 1 20-12,RESIDENTIAL,Studio - Courtyard,STUDIO,12.12,FRESH,EDSA
MID,20,13,TOWER 1 20-13,RESIDENTIAL,Studio - Outer,STUDIO,13.06,FRESH,EDSA
MID,20,14,TOWER 1 20-14,RESIDENTIAL,Studio - Courtyard,STUDIO,12.43,FRESH,EDSA
MID,20,16,TOWER 1 20-16,RESIDENTIAL,Studio - Outer,STUDIO,13.06,FRESH,EDSA
MID,20,19,TOWER 1 20-19,RESIDENTIAL,Studio - Outer,STUDIO,13.06,FRESH,EDSA
MID,20,20,TOWER 1 20-20,RESIDENTIAL,Studio - Courtyard,STUDIO,12.43,FRESH,EDSA
MID,20,21,TOWER 1 20-21,RESIDENTIAL,Studio - Outer,STUDIO,13.06,FRESH,EDSA
MID,20,22,TOWER 1 20-22,RESIDENTIAL,Studio - Courtyard,STUDIO,12.12,FRESH,EDSA
MID,20,23,TOWER 1 20-23,RESIDENTIAL,Studio - Outer,STUDIO,13.06,FRESH,EDSA
MID,20,24,TOWER 1 20-24,RESIDENTIAL,Studio - Courtyard,STUDIO,12.12,FRESH,EDSA
MID,20,26,TOWER 1 20-26,RESIDENTIAL,Studio - Courtyard,STUDIO,12.43,FRESH,EDSA
MID,20,27,TOWER 1 20-27,RESIDENTIAL,Studio - Outer,STUDIO,13.06,FRESH,EDSA
MID,20,29,TOWER 1 20-29,RESIDENTIAL,Studio - Outer,STUDIO,13.06,FRESH,EDSA
MID,20,31,TOWER 1 20-31,RESIDENTIAL,Studio - Outer,STUDIO,13.06,FRESH,
MID,20,32,TOWER 1 20-32,RESIDENTIAL,Studio - Outer,STUDIO,13.06,FRESH,
MID,20,35,TOWER 1 20-35,RESIDENTIAL,Studio - Outer,STUDIO,13.67,FRESH,Ignacio Diaz
MID,20,36,TOWER 1 20-36,RESIDENTIAL,Studio - Courtyard,STUDIO,14.16,FRESH,Ignacio Diaz
MID,20,38,TOWER 1 20-38,RESIDENTIAL,Studio - Courtyard,STUDIO,14.16,FRESH,Ignacio Diaz
MID,20,39,TOWER 1 20-39,RESIDENTIAL,Studio - Outer,STUDIO,13.82,FRESH,Ignacio Diaz
MID,20,40,TOWER 1 20-40,RESIDENTIAL,Studio - Courtyard,STUDIO,14.16,FRESH,Ignacio Diaz
MID,20,41,TOWER 1 20-41,RESIDENTIAL,Studio - Outer,STUDIO,13.82,FRESH,Ignacio Diaz
MID,20,42,TOWER 1 20-42,RESIDENTIAL,Studio - Courtyard,STUDIO,14.16,FRESH,Ignacio Diaz
MID,20,43,TOWER 1 20-43,RESIDENTIAL,Studio - Outer,STUDIO,13.82,FRESH,
MID,20,44,TOWER 1 20-44,RESIDENTIAL,Studio - Courtyard,STUDIO,14.16,FRESH,
MID,20,45,TOWER 1 20-45,RESIDENTIAL,Studio - Outer,STUDIO,13.82,FRESH,Ignacio Diaz
MID,20,46,TOWER 1 20-46,RESIDENTIAL,Studio - Courtyard,STUDIO,14.16,FRESH,Ignacio Diaz
MID,20,47,TOWER 1 20-47,RESIDENTIAL,Studio - Outer,STUDIO,13.82,FRESH,Ignacio Diaz
MID,20,48,TOWER 1 20-48,RESIDENTIAL,Studio - Courtyard,STUDIO,14.16,FRESH,Ignacio Diaz
MID,20,49,TOWER 1 20-49,RESIDENTIAL,Studio - Outer,STUDIO,13.82,FRESH,Ignacio Diaz
MID,20,50,TOWER 1 20-50,RESIDENTIAL,Studio - Courtyard,STUDIO,14.16,FRESH,Ignacio Diaz
MID,20,51,TOWER 1 20-51,RESIDENTIAL,Studio - Outer,STUDIO,13.82,FRESH,Ignacio Diaz
MID,20,52,TOWER 1 20-52,RESIDENTIAL,Studio - Courtyard,STUDIO,14.16,FRESH,Ignacio Diaz
MID,20,53,TOWER 1 20-53,RESIDENTIAL,Studio - Outer,STUDIO,13.82,FRESH,Ignacio Diaz
MID,20,54,TOWER 1 20-54,RESIDENTIAL,Studio - Outer,STUDIO,13.82,FRESH,Ignacio Diaz
MID,20,56,TOWER 1 20-56,RESIDENTIAL,Studio - Outer,STUDIO,13.82,FRESH,Ignacio Diaz
MID,20,57,TOWER 1 20-57,RESIDENTIAL,Studio - Outer,STUDIO,14.16,FRESH,Ignacio Diaz
MID,20,58,TOWER 1 20-58,RESIDENTIAL,Studio - Outer,STUDIO,13.82,FRESH,Ignacio Diaz
MID,20,59,TOWER 1 20-59,RESIDENTIAL,Studio - Outer,STUDIO,14.16,FRESH,Ignacio Diaz
MID,20,61,TOWER 1 20-61,RESIDENTIAL,1BR - Outer,1BR,28.32,FRESH,
MID,20,62,TOWER 1 20-62,RESIDENTIAL,Studio - Outer,STUDIO,12.47,FRESH,PYP
MID,20,63,TOWER 1 20-63,RESIDENTIAL,Studio - Courtyard,STUDIO,12.43,FRESH,PYP
MID,20,64,TOWER 1 20-64,RESIDENTIAL,Studio - Outer,STUDIO,12.25,FRESH,PYP
MID,20,65,TOWER 1 20-65,RESIDENTIAL,Studio - Courtyard,STUDIO,12.12,FRESH,PYP
MID,20,66,TOWER 1 20-66,RESIDENTIAL,Studio - Outer,STUDIO,13.34,FRESH,PYP
MID,20,67,TOWER 1 20-67,RESIDENTIAL,Studio - Courtyard,STUDIO,12.12,FRESH,PYP
MID,20,68,TOWER 1 20-68,RESIDENTIAL,Studio - Outer,STUDIO,13.34,FRESH,PYP
MID,20,69,TOWER 1 20-69,RESIDENTIAL,Studio - Courtyard,STUDIO,12.43,FRESH,PYP
MID,20,70,TOWER 1 20-70,RESIDENTIAL,Studio - Outer,STUDIO,13.34,FRESH,PYP
MID,20,71,TOWER 1 20-71,RESIDENTIAL,Studio - Outer,STUDIO,13.34,FRESH,PYP
MID,20,72,TOWER 1 20-72,RESIDENTIAL,Studio - Outer,STUDIO,13.34,FRESH,PYP
MID,20,73,TOWER 1 20-73,RESIDENTIAL,Studio - Outer,STUDIO,13.34,FRESH,PYP
MID,20,74,TOWER 1 20-74,RESIDENTIAL,Studio - Outer,STUDIO,13.34,FRESH,PYP
MID,20,75,TOWER 1 20-75,RESIDENTIAL,Studio - Courtyard,STUDIO,12.43,FRESH,PYP
MID,20,76,TOWER 1 20-76,RESIDENTIAL,Studio - Outer,STUDIO,13.34,FRESH,PYP
MID,20,77,TOWER 1 20-77,RESIDENTIAL,Studio - Courtyard,STUDIO,12.12,FRESH,PYP
MID,20,79,TOWER 1 20-79,RESIDENTIAL,Studio - Courtyard,STUDIO,12.12,FRESH,PYP
MID,20,80,TOWER 1 20-80,RESIDENTIAL,Studio - Outer,STUDIO,12.47,FRESH,PYP
MID,20,81,TOWER 1 20-81,RESIDENTIAL,Studio - Courtyard,STUDIO,12.43,FRESH,PYP
MID,20,82,TOWER 1 20-82,RESIDENTIAL,Studio - Courtyard,STUDIO,14.16,FRESH,INNER UNIT
MID,20,83,TOWER 1 20-83,RESIDENTIAL,Studio - Courtyard,STUDIO,14.16,FRESH,INNER UNIT
MID,20,84,TOWER 1 20-84,RESIDENTIAL,Studio - Courtyard,STUDIO,14.16,FRESH,INNER UNIT
MID,20,85,TOWER 1 20-85,RESIDENTIAL,Studio - Courtyard,STUDIO,14.16,FRESH,INNER UNIT
MID,20,86,TOWER 1 20-86,RESIDENTIAL,Studio - Courtyard,STUDIO,14.16,FRESH,INNER UNIT
MID,20,87,TOWER 1 20-87,RESIDENTIAL,Studio - Courtyard,STUDIO,14.16,FRESH,INNER UNIT
MID,20,88,TOWER 1 20-88,RESIDENTIAL,Studio - Courtyard,STUDIO,14.16,FRESH,INNER UNIT
MID,20,89,TOWER 1 20-89,RESIDENTIAL,Studio - Courtyard,STUDIO,14.16,FRESH,INNER UNIT
MID,20,90,TOWER 1 20-90,RESIDENTIAL,Studio - Courtyard,STUDIO,14.16,FRESH,
MID,20,91,TOWER 1 20-91,RESIDENTIAL,Studio - Courtyard,STUDIO,14.16,FRESH,
MID,20,92,TOWER 1 20-92,RESIDENTIAL,Studio - Courtyard,STUDIO,14.16,FRESH,INNER UNIT
MID,20,93,TOWER 1 20-93,RESIDENTIAL,Studio - Courtyard,STUDIO,14.16,FRESH,INNER UNIT
MID,20,94,TOWER 1 20-94,RESIDENTIAL,Studio - Courtyard,STUDIO,14.16,FRESH,INNER UNIT
MID,20,95,TOWER 1 20-95,RESIDENTIAL,Studio - Courtyard,STUDIO,14.16,FRESH,INNER UNIT
MID,20,96,TOWER 1 20-96,RESIDENTIAL,Studio - Courtyard,STUDIO,14.16,FRESH,INNER UNIT
MID,20,97,TOWER 1 20-97,RESIDENTIAL,Studio - Courtyard,STUDIO,14.16,FRESH,INNER UNIT
MID,20,98,TOWER 1 20-98,RESIDENTIAL,Studio - Courtyard,STUDIO,14.16,FRESH,INNER UNIT
MID,20,99,TOWER 1 20-99,RESIDENTIAL,Studio - Courtyard,STUDIO,14.16,FRESH,INNER UNIT
MID,20,100,TOWER 1 20-100,RESIDENTIAL,1BR - Outer,1BR,27.64,FRESH,
MID,20,101,TOWER 1 20-101,RESIDENTIAL,1BR - Outer,1BR,28.32,FRESH,
MID,20,103,TOWER 1 20-103,RESIDENTIAL,Studio - Outer,STUDIO,14.16,FRESH,
MID,20,104,TOWER 1 20-104,RESIDENTIAL,Studio - Outer,STUDIO,13.82,FRESH,Samson
MID,20,105,TOWER 1 20-105,RESIDENTIAL,Studio - Outer,STUDIO,13.82,FRESH,
MID,20,106,TOWER 1 20-106,RESIDENTIAL,Studio - Outer,STUDIO,13.82,FRESH,Samson
MID,20,108,TOWER 1 20-108,RESIDENTIAL,Studio - Courtyard,STUDIO,14.16,FRESH,Samson
MID,20,109,TOWER 1 20-109,RESIDENTIAL,Studio - Outer,STUDIO,13.82,FRESH,Samson
MID,20,110,TOWER 1 20-110,RESIDENTIAL,Studio - Courtyard,STUDIO,14.16,FRESH,Samson
MID,20,111,TOWER 1 20-111,RESIDENTIAL,Studio - Outer,STUDIO,13.82,FRESH,Samson
MID,20,112,TOWER 1 20-112,RESIDENTIAL,Studio - Courtyard,STUDIO,14.16,FRESH,Samson
MID,20,113,TOWER 1 20-113,RESIDENTIAL,Studio - Outer,STUDIO,13.82,FRESH,Samson
MID,20,114,TOWER 1 20-114,RESIDENTIAL,Studio - Courtyard,STUDIO,14.16,FRESH,Samson
MID,20,116,TOWER 1 20-116,RESIDENTIAL,Studio - Courtyard,STUDIO,14.16,FRESH,
MID,20,118,TOWER 1 20-118,RESIDENTIAL,Studio - Courtyard,STUDIO,14.16,FRESH,Samson
MID,20,119,TOWER 1 20-119,RESIDENTIAL,Studio - Outer,STUDIO,13.82,FRESH,Samson
MID,20,120,TOWER 1 20-120,RESIDENTIAL,Studio - Courtyard,STUDIO,14.16,FRESH,Samson
MID,20,122,TOWER 1 20-122,RESIDENTIAL,Studio - Courtyard,STUDIO,14.16,FRESH,Samson
MID,20,123,TOWER 1 20-123,RESIDENTIAL,Studio - Outer,STUDIO,12.56,FRESH,Samson
MID,20,124,TOWER 1 20-124,RESIDENTIAL,Studio - Courtyard,STUDIO,14.16,FRESH,Samson
MID,20,125,TOWER 1 20-125,RESIDENTIAL,Studio - Outer,STUDIO,13.67,FRESH,Samson
MID,21,2,TOWER 1 21-2,RESIDENTIAL,Studio - Outer,STUDIO,13.06,FRESH,
MID,21,3,TOWER 1 21-3,RESIDENTIAL,Studio - Outer,STUDIO,13.06,FRESH,EDSA
MID,21,5,TOWER 1 21-5,RESIDENTIAL,Studio - Outer,STUDIO,13.06,FRESH,EDSA
MID,21,6,TOWER 1 21-6,RESIDENTIAL,Studio - Outer,STUDIO,13.06,FRESH,EDSA
MID,21,8,TOWER 1 21-8,RESIDENTIAL,Studio - Courtyard,STUDIO,12.43,FRESH,EDSA
MID,21,9,TOWER 1 21-9,RESIDENTIAL,Studio - Outer,STUDIO,13.06,FRESH,EDSA
MID,21,10,TOWER 1 21-10,RESIDENTIAL,Studio - Courtyard,STUDIO,12.12,FRESH,EDSA
MID,21,12,TOWER 1 21-12,RESIDENTIAL,Studio - Courtyard,STUDIO,12.12,FRESH,EDSA
MID,21,13,TOWER 1 21-13,RESIDENTIAL,Studio - Outer,STUDIO,13.06,FRESH,EDSA
MID,21,14,TOWER 1 21-14,RESIDENTIAL,Studio - Courtyard,STUDIO,12.43,FRESH,EDSA
MID,21,16,TOWER 1 21-16,RESIDENTIAL,Studio - Outer,STUDIO,13.06,FRESH,EDSA
MID,21,17,TOWER 1 21-17,RESIDENTIAL,Studio - Outer,STUDIO,13.06,FRESH,EDSA
MID,21,19,TOWER 1 21-19,RESIDENTIAL,Studio - Outer,STUDIO,13.06,FRESH,EDSA
MID,21,20,TOWER 1 21-20,RESIDENTIAL,Studio - Courtyard,STUDIO,12.43,FRESH,EDSA
MID,21,21,TOWER 1 21-21,RESIDENTIAL,Studio - Outer,STUDIO,13.06,FRESH,EDSA
MID,21,22,TOWER 1 21-22,RESIDENTIAL,Studio - Courtyard,STUDIO,12.12,FRESH,EDSA
MID,21,23,TOWER 1 21-23,RESIDENTIAL,Studio - Outer,STUDIO,13.06,FRESH,EDSA
MID,21,24,TOWER 1 21-24,RESIDENTIAL,Studio - Courtyard,STUDIO,12.12,FRESH,EDSA
MID,21,26,TOWER 1 21-26,RESIDENTIAL,Studio - Courtyard,STUDIO,12.43,FRESH,EDSA
MID,21,27,TOWER 1 21-27,RESIDENTIAL,Studio - Outer,STUDIO,13.06,FRESH,EDSA
MID,21,28,TOWER 1 21-28,RESIDENTIAL,Studio - Outer,STUDIO,13.06,FRESH,EDSA
MID,21,29,TOWER 1 21-29,RESIDENTIAL,Studio - Outer,STUDIO,13.06,FRESH,EDSA
MID,21,32,TOWER 1 21-32,RESIDENTIAL,Studio - Outer,STUDIO,13.06,FRESH,
MID,21,33,TOWER 1 21-33,RESIDENTIAL,1 BR,1BR,26.12,FRESH,
MID,21,35,TOWER 1 21-35,RESIDENTIAL,Studio - Outer,STUDIO,13.67,FRESH,Ignacio Diaz
MID,21,36,TOWER 1 21-36,RESIDENTIAL,Studio - Courtyard,STUDIO,14.16,FRESH,Ignacio Diaz
MID,21,37,TOWER 1 21-37,RESIDENTIAL,Studio - Outer,STUDIO,12.56,FRESH,Ignacio Diaz
MID,21,38,TOWER 1 21-38,RESIDENTIAL,Studio - Courtyard,STUDIO,14.16,FRESH,Ignacio Diaz
MID,21,39,TOWER 1 21-39,RESIDENTIAL,Studio - Outer,STUDIO,13.82,FRESH,Ignacio Diaz
MID,21,40,TOWER 1 21-40,RESIDENTIAL,Studio - Courtyard,STUDIO,14.16,FRESH,Ignacio Diaz
MID,21,41,TOWER 1 21-41,RESIDENTIAL,Studio - Outer,STUDIO,13.82,FRESH,Ignacio Diaz
MID,21,42,TOWER 1 21-42,RESIDENTIAL,Studio - Courtyard,STUDIO,14.16,FRESH,Ignacio Diaz
MID,21,43,TOWER 1 21-43,RESIDENTIAL,Studio - Outer,STUDIO,13.82,FRESH,
MID,21,44,TOWER 1 21-44,RESIDENTIAL,Studio - Courtyard,STUDIO,14.16,FRESH,
MID,21,45,TOWER 1 21-45,RESIDENTIAL,Studio - Outer,STUDIO,13.82,FRESH,Ignacio Diaz
MID,21,46,TOWER 1 21-46,RESIDENTIAL,Studio - Courtyard,STUDIO,14.16,FRESH,Ignacio Diaz
MID,21,47,TOWER 1 21-47,RESIDENTIAL,Studio - Outer,STUDIO,13.82,FRESH,Ignacio Diaz
MID,21,48,TOWER 1 21-48,RESIDENTIAL,Studio - Courtyard,STUDIO,14.16,FRESH,Ignacio Diaz
MID,21,49,TOWER 1 21-49,RESIDENTIAL,Studio - Outer,STUDIO,13.82,FRESH,Ignacio Diaz
MID,21,50,TOWER 1 21-50,RESIDENTIAL,Studio - Courtyard,STUDIO,14.16,FRESH,Ignacio Diaz
MID,21,51,TOWER 1 21-51,RESIDENTIAL,Studio - Outer,STUDIO,13.82,FRESH,Ignacio Diaz
MID,21,52,TOWER 1 21-52,RESIDENTIAL,Studio - Courtyard,STUDIO,14.16,FRESH,Ignacio Diaz
MID,21,53,TOWER 1 21-53,RESIDENTIAL,Studio - Outer,STUDIO,13.82,FRESH,Ignacio Diaz
MID,21,54,TOWER 1 21-54,RESIDENTIAL,Studio - Outer,STUDIO,13.82,FRESH,Ignacio Diaz
MID,21,55,TOWER 1 21-55,RESIDENTIAL,Studio - Outer,STUDIO,13.82,FRESH,
MID,21,56,TOWER 1 21-56,RESIDENTIAL,Studio - Outer,STUDIO,13.82,FRESH,Ignacio Diaz
MID,21,57,TOWER 1 21-57,RESIDENTIAL,Studio - Outer,STUDIO,14.16,FRESH,Ignacio Diaz
MID,21,58,TOWER 1 21-58,RESIDENTIAL,Studio - Outer,STUDIO,13.82,FRESH,Ignacio Diaz
MID,21,59,TOWER 1 21-59,RESIDENTIAL,Studio - Outer,STUDIO,14.16,FRESH,Ignacio Diaz
MID,21,60,TOWER 1 21-60,RESIDENTIAL,1BR - Outer,1BR,27.64,FRESH,
MID,21,61,TOWER 1 21-61,RESIDENTIAL,1BR - Outer,1BR,28.32,FRESH,
MID,21,62,TOWER 1 21-62,RESIDENTIAL,Studio - Outer,STUDIO,12.47,FRESH,PYP
MID,21,63,TOWER 1 21-63,RESIDENTIAL,Studio - Courtyard,STUDIO,12.43,FRESH,PYP
MID,21,64,TOWER 1 21-64,RESIDENTIAL,Studio - Outer,STUDIO,12.25,FRESH,PYP
MID,21,65,TOWER 1 21-65,RESIDENTIAL,Studio - Courtyard,STUDIO,12.12,FRESH,PYP
MID,21,66,TOWER 1 21-66,RESIDENTIAL,Studio - Outer,STUDIO,13.34,FRESH,PYP
MID,21,67,TOWER 1 21-67,RESIDENTIAL,Studio - Courtyard,STUDIO,12.12,FRESH,PYP
MID,21,68,TOWER 1 21-68,RESIDENTIAL,Studio - Outer,STUDIO,13.34,FRESH,PYP
MID,21,69,TOWER 1 21-69,RESIDENTIAL,Studio - Courtyard,STUDIO,12.43,FRESH,PYP
MID,21,70,TOWER 1 21-70,RESIDENTIAL,Studio - Outer,STUDIO,13.34,FRESH,PYP
MID,21,71,TOWER 1 21-71,RESIDENTIAL,Studio - Outer,STUDIO,13.34,FRESH,PYP
MID,21,72,TOWER 1 21-72,RESIDENTIAL,Studio - Outer,STUDIO,13.34,FRESH,PYP
MID,21,73,TOWER 1 21-73,RESIDENTIAL,Studio - Outer,STUDIO,13.34,FRESH,PYP
MID,21,74,TOWER 1 21-74,RESIDENTIAL,Studio - Outer,STUDIO,13.34,FRESH,PYP
MID,21,75,TOWER 1 21-75,RESIDENTIAL,Studio - Courtyard,STUDIO,12.43,FRESH,PYP
MID,21,76,TOWER 1 21-76,RESIDENTIAL,Studio - Outer,STUDIO,13.34,FRESH,PYP
MID,21,77,TOWER 1 21-77,RESIDENTIAL,Studio - Courtyard,STUDIO,12.12,FRESH,PYP
MID,21,78,TOWER 1 21-78,RESIDENTIAL,Studio - Outer,STUDIO,12.25,FRESH,PYP
MID,21,79,TOWER 1 21-79,RESIDENTIAL,Studio - Courtyard,STUDIO,12.12,FRESH,PYP
MID,21,80,TOWER 1 21-80,RESIDENTIAL,Studio - Outer,STUDIO,12.47,FRESH,PYP
MID,21,81,TOWER 1 21-81,RESIDENTIAL,Studio - Courtyard,STUDIO,12.43,FRESH,PYP
MID,21,82,TOWER 1 21-82,RESIDENTIAL,Studio - Courtyard,STUDIO,14.16,FRESH,INNER UNIT
MID,21,83,TOWER 1 21-83,RESIDENTIAL,Studio - Courtyard,STUDIO,14.16,FRESH,INNER UNIT
MID,21,84,TOWER 1 21-84,RESIDENTIAL,Studio - Courtyard,STUDIO,14.16,FRESH,INNER UNIT
MID,21,85,TOWER 1 21-85,RESIDENTIAL,Studio - Courtyard,STUDIO,14.16,FRESH,INNER UNIT
MID,21,86,TOWER 1 21-86,RESIDENTIAL,Studio - Courtyard,STUDIO,14.16,FRESH,INNER UNIT
MID,21,87,TOWER 1 21-87,RESIDENTIAL,Studio - Courtyard,STUDIO,14.16,FRESH,INNER UNIT
MID,21,88,TOWER 1 21-88,RESIDENTIAL,Studio - Courtyard,STUDIO,14.16,FRESH,INNER UNIT
MID,21,89,TOWER 1 21-89,RESIDENTIAL,Studio - Courtyard,STUDIO,14.16,FRESH,INNER UNIT
MID,21,90,TOWER 1 21-90,RESIDENTIAL,Studio - Courtyard,STUDIO,14.16,FRESH,
MID,21,91,TOWER 1 21-91,RESIDENTIAL,Studio - Courtyard,STUDIO,14.16,FRESH,
MID,21,92,TOWER 1 21-92,RESIDENTIAL,Studio - Courtyard,STUDIO,14.16,FRESH,INNER UNIT
MID,21,93,TOWER 1 21-93,RESIDENTIAL,Studio - Courtyard,STUDIO,14.16,FRESH,INNER UNIT
MID,21,94,TOWER 1 21-94,RESIDENTIAL,Studio - Courtyard,STUDIO,14.16,FRESH,INNER UNIT
MID,21,95,TOWER 1 21-95,RESIDENTIAL,Studio - Courtyard,STUDIO,14.16,FRESH,INNER UNIT
MID,21,96,TOWER 1 21-96,RESIDENTIAL,Studio - Courtyard,STUDIO,14.16,FRESH,INNER UNIT
MID,21,97,TOWER 1 21-97,RESIDENTIAL,Studio - Courtyard,STUDIO,14.16,FRESH,INNER UNIT
MID,21,98,TOWER 1 21-98,RESIDENTIAL,Studio - Courtyard,STUDIO,14.16,FRESH,INNER UNIT
MID,21,99,TOWER 1 21-99,RESIDENTIAL,Studio - Courtyard,STUDIO,14.16,FRESH,INNER UNIT
MID,21,100,TOWER 1 21-100,RESIDENTIAL,1BR - Outer,1BR,27.64,FRESH,
MID,21,101,TOWER 1 21-101,RESIDENTIAL,1BR - Outer,1BR,28.32,FRESH,
MID,21,102,TOWER 1 21-102,RESIDENTIAL,Studio - Outer,STUDIO,13.82,FRESH,Samson
MID,21,103,TOWER 1 21-103,RESIDENTIAL,Studio - Outer,STUDIO,14.16,FRESH,
MID,21,104,TOWER 1 21-104,RESIDENTIAL,Studio - Outer,STUDIO,13.82,FRESH,Samson
MID,21,105,TOWER 1 21-105,RESIDENTIAL,Studio - Outer,STUDIO,13.82,FRESH,
MID,21,106,TOWER 1 21-106,RESIDENTIAL,Studio - Outer,STUDIO,13.82,FRESH,Samson
MID,21,107,TOWER 1 21-107,RESIDENTIAL,Studio - Outer,STUDIO,13.82,FRESH,Samson
MID,21,108,TOWER 1 21-108,RESIDENTIAL,Studio - Courtyard,STUDIO,14.16,FRESH,Samson
MID,21,109,TOWER 1 21-109,RESIDENTIAL,Studio - Outer,STUDIO,13.82,FRESH,Samson
MID,21,110,TOWER 1 21-110,RESIDENTIAL,Studio - Courtyard,STUDIO,14.16,FRESH,Samson
MID,21,112,TOWER 1 21-112,RESIDENTIAL,Studio - Courtyard,STUDIO,14.16,FRESH,Samson
MID,21,113,TOWER 1 21-113,RESIDENTIAL,Studio - Outer,STUDIO,13.82,FRESH,Samson
MID,21,114,TOWER 1 21-114,RESIDENTIAL,Studio - Courtyard,STUDIO,14.16,FRESH,Samson
MID,21,115,TOWER 1 21-115,RESIDENTIAL,Studio - Outer,STUDIO,13.82,FRESH,Samson
MID,21,116,TOWER 1 21-116,RESIDENTIAL,Studio - Courtyard,STUDIO,14.16,FRESH,
MID,21,118,TOWER 1 21-118,RESIDENTIAL,Studio - Courtyard,STUDIO,14.16,FRESH,Samson
MID,21,119,TOWER 1 21-119,RESIDENTIAL,Studio - Outer,STUDIO,13.82,FRESH,Samson
MID,21,120,TOWER 1 21-120,RESIDENTIAL,Studio - Courtyard,STUDIO,14.16,FRESH,Samson
MID,21,121,TOWER 1 21-121,RESIDENTIAL,Studio - Outer,STUDIO,13.82,FRESH,Samson
MID,21,122,TOWER 1 21-122,RESIDENTIAL,Studio - Courtyard,STUDIO,14.16,FRESH,Samson
MID,21,123,TOWER 1 21-123,RESIDENTIAL,Studio - Outer,STUDIO,12.56,FRESH,Samson
MID,21,124,TOWER 1 21-124,RESIDENTIAL,Studio - Courtyard,STUDIO,14.16,FRESH,Samson
MID,21,125,TOWER 1 21-125,RESIDENTIAL,Studio - Outer,STUDIO,13.67,FRESH,Samson
MID,22,2,TOWER 1 22-2,RESIDENTIAL,Studio - Outer,STUDIO,13.06,FRESH,
MID,22,3,TOWER 1 22-3,RESIDENTIAL,Studio - Outer,STUDIO,13.06,FRESH,EDSA
MID,22,4,TOWER 1 22-4,RESIDENTIAL,Studio - Outer,STUDIO,13.06,FRESH,EDSA
MID,22,5,TOWER 1 22-5,RESIDENTIAL,Studio - Outer,STUDIO,13.06,FRESH,EDSA
MID,22,6,TOWER 1 22-6,RESIDENTIAL,Studio - Outer,STUDIO,13.06,FRESH,EDSA
MID,22,7,TOWER 1 22-7,RESIDENTIAL,Studio - Outer,STUDIO,13.06,FRESH,EDSA
MID,22,8,TOWER 1 22-8,RESIDENTIAL,Studio - Courtyard,STUDIO,12.43,FRESH,EDSA
MID,22,9,TOWER 1 22-9,RESIDENTIAL,Studio - Outer,STUDIO,13.06,FRESH,EDSA
MID,22,10,TOWER 1 22-10,RESIDENTIAL,Studio - Courtyard,STUDIO,12.12,FRESH,EDSA
MID,22,11,TOWER 1 22-11,RESIDENTIAL,Studio - Outer,STUDIO,13.06,FRESH,EDSA
MID,22,12,TOWER 1 22-12,RESIDENTIAL,Studio - Courtyard,STUDIO,12.12,FRESH,EDSA
MID,22,13,TOWER 1 22-13,RESIDENTIAL,Studio - Outer,STUDIO,13.06,FRESH,EDSA
MID,22,14,TOWER 1 22-14,RESIDENTIAL,Studio - Courtyard,STUDIO,12.43,FRESH,EDSA
MID,22,15,TOWER 1 22-15,RESIDENTIAL,Studio - Outer,STUDIO,13.06,FRESH,EDSA
MID,22,16,TOWER 1 22-16,RESIDENTIAL,Studio - Outer,STUDIO,13.06,FRESH,EDSA
MID,22,17,TOWER 1 22-17,RESIDENTIAL,Studio - Outer,STUDIO,13.06,FRESH,EDSA
MID,22,18,TOWER 1 22-18,RESIDENTIAL,Studio - Outer,STUDIO,13.06,FRESH,EDSA
MID,22,19,TOWER 1 22-19,RESIDENTIAL,Studio - Outer,STUDIO,13.06,FRESH,EDSA
MID,22,20,TOWER 1 22-20,RESIDENTIAL,Studio - Courtyard,STUDIO,12.43,FRESH,EDSA
MID,22,21,TOWER 1 22-21,RESIDENTIAL,Studio - Outer,STUDIO,13.06,FRESH,EDSA
MID,22,22,TOWER 1 22-22,RESIDENTIAL,Studio - Courtyard,STUDIO,12.12,FRESH,EDSA
MID,22,23,TOWER 1 22-23,RESIDENTIAL,Studio - Outer,STUDIO,13.06,FRESH,EDSA
MID,22,24,TOWER 1 22-24,RESIDENTIAL,Studio - Courtyard,STUDIO,12.12,FRESH,EDSA
MID,22,25,TOWER 1 22-25,RESIDENTIAL,Studio - Outer,STUDIO,13.06,FRESH,EDSA
MID,22,26,TOWER 1 22-26,RESIDENTIAL,Studio - Courtyard,STUDIO,12.43,FRESH,EDSA
MID,22,27,TOWER 1 22-27,RESIDENTIAL,Studio - Outer,STUDIO,13.06,FRESH,EDSA
MID,22,28,TOWER 1 22-28,RESIDENTIAL,Studio - Outer,STUDIO,13.06,FRESH,EDSA
MID,22,29,TOWER 1 22-29,RESIDENTIAL,Studio - Outer,STUDIO,13.06,FRESH,EDSA
MID,22,30,TOWER 1 22-30,RESIDENTIAL,Studio - Outer,STUDIO,13.06,FRESH,EDSA
MID,22,31,TOWER 1 22-31,RESIDENTIAL,Studio - Outer,STUDIO,13.06,FRESH,
MID,22,32,TOWER 1 22-32,RESIDENTIAL,Studio - Outer,STUDIO,13.06,FRESH,
MID,22,35,TOWER 1 22-35,RESIDENTIAL,Studio - Outer,STUDIO,13.67,FRESH,Ignacio Diaz
MID,22,36,TOWER 1 22-36,RESIDENTIAL,Studio - Courtyard,STUDIO,14.16,FRESH,Ignacio Diaz
MID,22,37,TOWER 1 22-37,RESIDENTIAL,Studio - Outer,STUDIO,12.56,FRESH,Ignacio Diaz
MID,22,38,TOWER 1 22-38,RESIDENTIAL,Studio - Courtyard,STUDIO,14.16,FRESH,Ignacio Diaz
MID,22,39,TOWER 1 22-39,RESIDENTIAL,Studio - Outer,STUDIO,13.82,FRESH,Ignacio Diaz
MID,22,40,TOWER 1 22-40,RESIDENTIAL,Studio - Courtyard,STUDIO,14.16,FRESH,Ignacio Diaz
MID,22,41,TOWER 1 22-41,RESIDENTIAL,Studio - Outer,STUDIO,13.82,FRESH,Ignacio Diaz
MID,22,42,TOWER 1 22-42,RESIDENTIAL,Studio - Courtyard,STUDIO,14.16,FRESH,Ignacio Diaz
MID,22,43,TOWER 1 22-43,RESIDENTIAL,Studio - Outer,STUDIO,13.82,FRESH,
MID,22,44,TOWER 1 22-44,RESIDENTIAL,Studio - Courtyard,STUDIO,14.16,FRESH,
MID,22,45,TOWER 1 22-45,RESIDENTIAL,Studio - Outer,STUDIO,13.82,FRESH,Ignacio Diaz
MID,22,46,TOWER 1 22-46,RESIDENTIAL,Studio - Courtyard,STUDIO,14.16,FRESH,Ignacio Diaz
MID,22,47,TOWER 1 22-47,RESIDENTIAL,Studio - Outer,STUDIO,13.82,FRESH,Ignacio Diaz
MID,22,48,TOWER 1 22-48,RESIDENTIAL,Studio - Courtyard,STUDIO,14.16,FRESH,Ignacio Diaz
MID,22,49,TOWER 1 22-49,RESIDENTIAL,Studio - Outer,STUDIO,13.82,FRESH,Ignacio Diaz
MID,22,50,TOWER 1 22-50,RESIDENTIAL,Studio - Courtyard,STUDIO,14.16,FRESH,Ignacio Diaz
MID,22,51,TOWER 1 22-51,RESIDENTIAL,Studio - Outer,STUDIO,13.82,FRESH,Ignacio Diaz
MID,22,52,TOWER 1 22-52,RESIDENTIAL,Studio - Courtyard,STUDIO,14.16,FRESH,Ignacio Diaz
MID,22,53,TOWER 1 22-53,RESIDENTIAL,Studio - Outer,STUDIO,13.82,FRESH,Ignacio Diaz
MID,22,54,TOWER 1 22-54,RESIDENTIAL,Studio - Outer,STUDIO,13.82,FRESH,Ignacio Diaz
MID,22,55,TOWER 1 22-55,RESIDENTIAL,Studio - Outer,STUDIO,13.82,FRESH,
MID,22,56,TOWER 1 22-56,RESIDENTIAL,Studio - Outer,STUDIO,13.82,FRESH,Ignacio Diaz
MID,22,57,TOWER 1 22-57,RESIDENTIAL,Studio - Outer,STUDIO,14.16,FRESH,Ignacio Diaz
MID,22,58,TOWER 1 22-58,RESIDENTIAL,Studio - Outer,STUDIO,13.82,FRESH,Ignacio Diaz
MID,22,59,TOWER 1 22-59,RESIDENTIAL,Studio - Outer,STUDIO,14.16,FRESH,Ignacio Diaz
MID,22,60,TOWER 1 22-60,RESIDENTIAL,1BR - Outer,1BR,27.64,FRESH,
MID,22,61,TOWER 1 22-61,RESIDENTIAL,1BR - Outer,1BR,28.32,FRESH,
MID,22,62,TOWER 1 22-62,RESIDENTIAL,Studio - Outer,STUDIO,12.47,FRESH,PYP
MID,22,63,TOWER 1 22-63,RESIDENTIAL,Studio - Courtyard,STUDIO,12.43,FRESH,PYP
MID,22,64,TOWER 1 22-64,RESIDENTIAL,Studio - Outer,STUDIO,12.25,FRESH,PYP
MID,22,65,TOWER 1 22-65,RESIDENTIAL,Studio - Courtyard,STUDIO,12.12,FRESH,PYP
MID,22,66,TOWER 1 22-66,RESIDENTIAL,Studio - Outer,STUDIO,13.34,FRESH,PYP
MID,22,67,TOWER 1 22-67,RESIDENTIAL,Studio - Courtyard,STUDIO,12.12,FRESH,PYP
MID,22,68,TOWER 1 22-68,RESIDENTIAL,Studio - Outer,STUDIO,13.34,FRESH,PYP
MID,22,69,TOWER 1 22-69,RESIDENTIAL,Studio - Courtyard,STUDIO,12.43,FRESH,PYP
MID,22,70,TOWER 1 22-70,RESIDENTIAL,Studio - Outer,STUDIO,13.34,FRESH,PYP
MID,22,71,TOWER 1 22-71,RESIDENTIAL,Studio - Outer,STUDIO,13.34,FRESH,PYP
MID,22,72,TOWER 1 22-72,RESIDENTIAL,Studio - Outer,STUDIO,13.34,FRESH,PYP
MID,22,73,TOWER 1 22-73,RESIDENTIAL,Studio - Outer,STUDIO,13.34,FRESH,PYP
MID,22,74,TOWER 1 22-74,RESIDENTIAL,Studio - Outer,STUDIO,13.34,FRESH,PYP
MID,22,75,TOWER 1 22-75,RESIDENTIAL,Studio - Courtyard,STUDIO,12.43,FRESH,PYP
MID,22,76,TOWER 1 22-76,RESIDENTIAL,Studio - Outer,STUDIO,13.34,FRESH,PYP
MID,22,77,TOWER 1 22-77,RESIDENTIAL,Studio - Courtyard,STUDIO,12.12,FRESH,PYP
MID,22,78,TOWER 1 22-78,RESIDENTIAL,Studio - Outer,STUDIO,12.25,FRESH,PYP
MID,22,79,TOWER 1 22-79,RESIDENTIAL,Studio - Courtyard,STUDIO,12.12,FRESH,PYP
MID,22,80,TOWER 1 22-80,RESIDENTIAL,Studio - Outer,STUDIO,12.47,FRESH,PYP
MID,22,81,TOWER 1 22-81,RESIDENTIAL,Studio - Courtyard,STUDIO,12.43,FRESH,PYP
MID,22,82,TOWER 1 22-82,RESIDENTIAL,Studio - Courtyard,STUDIO,14.16,FRESH,INNER UNIT
MID,22,83,TOWER 1 22-83,RESIDENTIAL,Studio - Courtyard,STUDIO,14.16,FRESH,INNER UNIT
MID,22,84,TOWER 1 22-84,RESIDENTIAL,Studio - Courtyard,STUDIO,14.16,FRESH,INNER UNIT
MID,22,85,TOWER 1 22-85,RESIDENTIAL,Studio - Courtyard,STUDIO,14.16,FRESH,INNER UNIT
MID,22,86,TOWER 1 22-86,RESIDENTIAL,Studio - Courtyard,STUDIO,14.16,FRESH,INNER UNIT
MID,22,87,TOWER 1 22-87,RESIDENTIAL,Studio - Courtyard,STUDIO,14.16,FRESH,INNER UNIT
MID,22,88,TOWER 1 22-88,RESIDENTIAL,Studio - Courtyard,STUDIO,14.16,FRESH,INNER UNIT
MID,22,89,TOWER 1 22-89,RESIDENTIAL,Studio - Courtyard,STUDIO,14.16,FRESH,INNER UNIT
MID,22,90,TOWER 1 22-90,RESIDENTIAL,Studio - Courtyard,STUDIO,14.16,FRESH,
MID,22,91,TOWER 1 22-91,RESIDENTIAL,Studio - Courtyard,STUDIO,14.16,FRESH,
MID,22,92,TOWER 1 22-92,RESIDENTIAL,Studio - Courtyard,STUDIO,14.16,FRESH,INNER UNIT
MID,22,93,TOWER 1 22-93,RESIDENTIAL,Studio - Courtyard,STUDIO,14.16,FRESH,INNER UNIT
MID,22,94,TOWER 1 22-94,RESIDENTIAL,Studio - Courtyard,STUDIO,14.16,FRESH,INNER UNIT
MID,22,95,TOWER 1 22-95,RESIDENTIAL,Studio - Courtyard,STUDIO,14.16,FRESH,INNER UNIT
MID,22,96,TOWER 1 22-96,RESIDENTIAL,Studio - Courtyard,STUDIO,14.16,FRESH,INNER UNIT
MID,22,97,TOWER 1 22-97,RESIDENTIAL,Studio - Courtyard,STUDIO,14.16,FRESH,INNER UNIT
MID,22,98,TOWER 1 22-98,RESIDENTIAL,Studio - Courtyard,STUDIO,14.16,FRESH,INNER UNIT
MID,22,99,TOWER 1 22-99,RESIDENTIAL,Studio - Courtyard,STUDIO,14.16,FRESH,INNER UNIT
MID,22,101,TOWER 1 22-101,RESIDENTIAL,1BR - Outer,1BR,28.32,FRESH,
MID,22,102,TOWER 1 22-102,RESIDENTIAL,Studio - Outer,STUDIO,13.82,FRESH,Samson
MID,22,103,TOWER 1 22-103,RESIDENTIAL,Studio - Outer,STUDIO,14.16,FRESH,
MID,22,104,TOWER 1 22-104,RESIDENTIAL,Studio - Outer,STUDIO,13.82,FRESH,Samson
MID,22,105,TOWER 1 22-105,RESIDENTIAL,Studio - Outer,STUDIO,13.82,FRESH,
MID,22,106,TOWER 1 22-106,RESIDENTIAL,Studio - Outer,STUDIO,13.82,FRESH,Samson
MID,22,107,TOWER 1 22-107,RESIDENTIAL,Studio - Outer,STUDIO,13.82,FRESH,Samson
MID,22,108,TOWER 1 22-108,RESIDENTIAL,Studio - Courtyard,STUDIO,14.16,FRESH,Samson
MID,22,109,TOWER 1 22-109,RESIDENTIAL,Studio - Outer,STUDIO,13.82,FRESH,Samson
MID,22,110,TOWER 1 22-110,RESIDENTIAL,Studio - Courtyard,STUDIO,14.16,FRESH,Samson
MID,22,111,TOWER 1 22-111,RESIDENTIAL,Studio - Outer,STUDIO,13.82,FRESH,Samson
MID,22,112,TOWER 1 22-112,RESIDENTIAL,Studio - Courtyard,STUDIO,14.16,FRESH,Samson
MID,22,113,TOWER 1 22-113,RESIDENTIAL,Studio - Outer,STUDIO,13.82,FRESH,Samson
MID,22,114,TOWER 1 22-114,RESIDENTIAL,Studio - Courtyard,STUDIO,14.16,FRESH,Samson
MID,22,115,TOWER 1 22-115,RESIDENTIAL,Studio - Outer,STUDIO,13.82,FRESH,Samson
MID,22,116,TOWER 1 22-116,RESIDENTIAL,Studio - Courtyard,STUDIO,14.16,FRESH,
MID,22,117,TOWER 1 22-117,RESIDENTIAL,Studio - Outer,STUDIO,13.82,FRESH,
MID,22,118,TOWER 1 22-118,RESIDENTIAL,Studio - Courtyard,STUDIO,14.16,FRESH,Samson
MID,22,120,TOWER 1 22-120,RESIDENTIAL,Studio - Courtyard,STUDIO,14.16,FRESH,Samson
MID,22,121,TOWER 1 22-121,RESIDENTIAL,Studio - Outer,STUDIO,13.82,FRESH,Samson
MID,22,122,TOWER 1 22-122,RESIDENTIAL,Studio - Courtyard,STUDIO,14.16,FRESH,Samson
MID,22,123,TOWER 1 22-123,RESIDENTIAL,Studio - Outer,STUDIO,12.56,FRESH,Samson
MID,22,124,TOWER 1 22-124,RESIDENTIAL,Studio - Courtyard,STUDIO,14.16,FRESH,Samson
MID,22,125,TOWER 1 22-125,RESIDENTIAL,Studio - Outer,STUDIO,13.67,FRESH,Samson
MID,23,2,TOWER 1 23-2,RESIDENTIAL,Studio - Outer,STUDIO,13.06,FRESH,
MID,23,4,TOWER 1 23-4,RESIDENTIAL,Studio - Outer,STUDIO,13.06,FRESH,EDSA
MID,23,5,TOWER 1 23-5,RESIDENTIAL,Studio - Outer,STUDIO,13.06,FRESH,EDSA
MID,23,6,TOWER 1 23-6,RESIDENTIAL,Studio - Outer,STUDIO,13.06,FRESH,EDSA
MID,23,7,TOWER 1 23-7,RESIDENTIAL,Studio - Outer,STUDIO,13.06,FRESH,EDSA
MID,23,8,TOWER 1 23-8,RESIDENTIAL,Studio - Courtyard,STUDIO,12.43,FRESH,EDSA
MID,23,9,TOWER 1 23-9,RESIDENTIAL,Studio - Outer,STUDIO,13.06,FRESH,EDSA
MID,23,10,TOWER 1 23-10,RESIDENTIAL,Studio - Courtyard,STUDIO,12.12,FRESH,EDSA
MID,23,11,TOWER 1 23-11,RESIDENTIAL,Studio - Outer,STUDIO,13.06,FRESH,EDSA
MID,23,12,TOWER 1 23-12,RESIDENTIAL,Studio - Courtyard,STUDIO,12.12,FRESH,EDSA
MID,23,13,TOWER 1 23-13,RESIDENTIAL,Studio - Outer,STUDIO,13.06,FRESH,EDSA
MID,23,14,TOWER 1 23-14,RESIDENTIAL,Studio - Courtyard,STUDIO,12.43,FRESH,EDSA
MID,23,15,TOWER 1 23-15,RESIDENTIAL,Studio - Outer,STUDIO,13.06,FRESH,EDSA
MID,23,16,TOWER 1 23-16,RESIDENTIAL,Studio - Outer,STUDIO,13.06,FRESH,EDSA
MID,23,17,TOWER 1 23-17,RESIDENTIAL,Studio - Outer,STUDIO,13.06,FRESH,EDSA
MID,23,18,TOWER 1 23-18,RESIDENTIAL,Studio - Outer,STUDIO,13.06,FRESH,EDSA
MID,23,19,TOWER 1 23-19,RESIDENTIAL,Studio - Outer,STUDIO,13.06,FRESH,EDSA
MID,23,20,TOWER 1 23-20,RESIDENTIAL,Studio - Courtyard,STUDIO,12.43,FRESH,EDSA
MID,23,21,TOWER 1 23-21,RESIDENTIAL,Studio - Outer,STUDIO,13.06,FRESH,EDSA
MID,23,22,TOWER 1 23-22,RESIDENTIAL,Studio - Courtyard,STUDIO,12.12,FRESH,EDSA
MID,23,24,TOWER 1 23-24,RESIDENTIAL,Studio - Courtyard,STUDIO,12.12,FRESH,EDSA
MID,23,25,TOWER 1 23-25,RESIDENTIAL,Studio - Outer,STUDIO,13.06,FRESH,EDSA
MID,23,26,TOWER 1 23-26,RESIDENTIAL,Studio - Courtyard,STUDIO,12.43,FRESH,EDSA
MID,23,27,TOWER 1 23-27,RESIDENTIAL,Studio - Outer,STUDIO,13.06,FRESH,EDSA
MID,23,28,TOWER 1 23-28,RESIDENTIAL,Studio - Outer,STUDIO,13.06,FRESH,EDSA
MID,23,29,TOWER 1 23-29,RESIDENTIAL,Studio - Outer,STUDIO,13.06,FRESH,EDSA
MID,23,30,TOWER 1 23-30,RESIDENTIAL,Studio - Outer,STUDIO,13.06,FRESH,EDSA
MID,23,31,TOWER 1 23-31,RESIDENTIAL,Studio - Outer,STUDIO,13.06,FRESH,
MID,23,32,TOWER 1 23-32,RESIDENTIAL,Studio - Outer,STUDIO,13.06,FRESH,
MID,23,35,TOWER 1 23-35,RESIDENTIAL,Studio - Outer,STUDIO,13.67,FRESH,Ignacio Diaz
MID,23,36,TOWER 1 23-36,RESIDENTIAL,Studio - Courtyard,STUDIO,14.16,FRESH,Ignacio Diaz
MID,23,37,TOWER 1 23-37,RESIDENTIAL,Studio - Outer,STUDIO,12.56,FRESH,Ignacio Diaz
MID,23,38,TOWER 1 23-38,RESIDENTIAL,Studio - Courtyard,STUDIO,14.16,FRESH,Ignacio Diaz
MID,23,39,TOWER 1 23-39,RESIDENTIAL,Studio - Outer,STUDIO,13.82,FRESH,Ignacio Diaz
MID,23,40,TOWER 1 23-40,RESIDENTIAL,Studio - Courtyard,STUDIO,14.16,FRESH,Ignacio Diaz
MID,23,41,TOWER 1 23-41,RESIDENTIAL,Studio - Outer,STUDIO,13.82,FRESH,Ignacio Diaz
MID,23,42,TOWER 1 23-42,RESIDENTIAL,Studio - Courtyard,STUDIO,14.16,FRESH,Ignacio Diaz
MID,23,43,TOWER 1 23-43,RESIDENTIAL,Studio - Outer,STUDIO,13.82,FRESH,
MID,23,44,TOWER 1 23-44,RESIDENTIAL,Studio - Courtyard,STUDIO,14.16,FRESH,
MID,23,45,TOWER 1 23-45,RESIDENTIAL,Studio - Outer,STUDIO,13.82,FRESH,Ignacio Diaz
MID,23,46,TOWER 1 23-46,RESIDENTIAL,Studio - Courtyard,STUDIO,14.16,FRESH,Ignacio Diaz
MID,23,47,TOWER 1 23-47,RESIDENTIAL,Studio - Outer,STUDIO,13.82,FRESH,Ignacio Diaz
MID,23,48,TOWER 1 23-48,RESIDENTIAL,Studio - Courtyard,STUDIO,14.16,FRESH,Ignacio Diaz
MID,23,49,TOWER 1 23-49,RESIDENTIAL,Studio - Outer,STUDIO,13.82,FRESH,Ignacio Diaz
MID,23,50,TOWER 1 23-50,RESIDENTIAL,Studio - Courtyard,STUDIO,14.16,FRESH,Ignacio Diaz
MID,23,51,TOWER 1 23-51,RESIDENTIAL,Studio - Outer,STUDIO,13.82,FRESH,Ignacio Diaz
MID,23,52,TOWER 1 23-52,RESIDENTIAL,Studio - Courtyard,STUDIO,14.16,FRESH,Ignacio Diaz
MID,23,53,TOWER 1 23-53,RESIDENTIAL,Studio - Outer,STUDIO,13.82,FRESH,Ignacio Diaz
MID,23,54,TOWER 1 23-54,RESIDENTIAL,Studio - Outer,STUDIO,13.82,FRESH,Ignacio Diaz
MID,23,55,TOWER 1 23-55,RESIDENTIAL,Studio - Outer,STUDIO,13.82,FRESH,
MID,23,56,TOWER 1 23-56,RESIDENTIAL,Studio - Outer,STUDIO,13.82,FRESH,Ignacio Diaz
MID,23,57,TOWER 1 23-57,RESIDENTIAL,Studio - Outer,STUDIO,14.16,FRESH,Ignacio Diaz
MID,23,58,TOWER 1 23-58,RESIDENTIAL,Studio - Outer,STUDIO,13.82,FRESH,Ignacio Diaz
MID,23,59,TOWER 1 23-59,RESIDENTIAL,Studio - Outer,STUDIO,14.16,FRESH,Ignacio Diaz
MID,23,60,TOWER 1 23-60,RESIDENTIAL,1BR - Outer,1BR,27.64,FRESH,
MID,23,61,TOWER 1 23-61,RESIDENTIAL,1BR - Outer,1BR,28.32,FRESH,
MID,23,62,TOWER 1 23-62,RESIDENTIAL,Studio - Outer,STUDIO,12.47,FRESH,PYP
MID,23,63,TOWER 1 23-63,RESIDENTIAL,Studio - Courtyard,STUDIO,12.43,FRESH,PYP
MID,23,64,TOWER 1 23-64,RESIDENTIAL,Studio - Outer,STUDIO,12.25,FRESH,PYP
MID,23,65,TOWER 1 23-65,RESIDENTIAL,Studio - Courtyard,STUDIO,12.12,FRESH,PYP
MID,23,66,TOWER 1 23-66,RESIDENTIAL,Studio - Outer,STUDIO,13.34,FRESH,PYP
MID,23,67,TOWER 1 23-67,RESIDENTIAL,Studio - Courtyard,STUDIO,12.12,FRESH,PYP
MID,23,68,TOWER 1 23-68,RESIDENTIAL,Studio - Outer,STUDIO,13.34,FRESH,PYP
MID,23,69,TOWER 1 23-69,RESIDENTIAL,Studio - Courtyard,STUDIO,12.43,FRESH,PYP
MID,23,70,TOWER 1 23-70,RESIDENTIAL,Studio - Outer,STUDIO,13.34,FRESH,PYP
MID,23,71,TOWER 1 23-71,RESIDENTIAL,Studio - Outer,STUDIO,13.34,FRESH,PYP
MID,23,72,TOWER 1 23-72,RESIDENTIAL,Studio - Outer,STUDIO,13.34,FRESH,PYP
MID,23,73,TOWER 1 23-73,RESIDENTIAL,Studio - Outer,STUDIO,13.34,FRESH,PYP
MID,23,74,TOWER 1 23-74,RESIDENTIAL,Studio - Outer,STUDIO,13.34,FRESH,PYP
MID,23,75,TOWER 1 23-75,RESIDENTIAL,Studio - Courtyard,STUDIO,12.43,FRESH,PYP
MID,23,76,TOWER 1 23-76,RESIDENTIAL,Studio - Outer,STUDIO,13.34,FRESH,PYP
MID,23,77,TOWER 1 23-77,RESIDENTIAL,Studio - Courtyard,STUDIO,12.12,FRESH,PYP
MID,23,78,TOWER 1 23-78,RESIDENTIAL,Studio - Outer,STUDIO,12.25,FRESH,PYP
MID,23,79,TOWER 1 23-79,RESIDENTIAL,Studio - Courtyard,STUDIO,12.12,FRESH,PYP
MID,23,80,TOWER 1 23-80,RESIDENTIAL,Studio - Outer,STUDIO,12.47,FRESH,PYP
MID,23,81,TOWER 1 23-81,RESIDENTIAL,Studio - Courtyard,STUDIO,12.43,FRESH,PYP
MID,23,82,TOWER 1 23-82,RESIDENTIAL,Studio - Courtyard,STUDIO,14.16,FRESH,INNER UNIT
MID,23,83,TOWER 1 23-83,RESIDENTIAL,Studio - Courtyard,STUDIO,14.16,FRESH,INNER UNIT
MID,23,84,TOWER 1 23-84,RESIDENTIAL,Studio - Courtyard,STUDIO,14.16,FRESH,INNER UNIT
MID,23,85,TOWER 1 23-85,RESIDENTIAL,Studio - Courtyard,STUDIO,14.16,FRESH,INNER UNIT
MID,23,86,TOWER 1 23-86,RESIDENTIAL,Studio - Courtyard,STUDIO,14.16,FRESH,INNER UNIT
MID,23,87,TOWER 1 23-87,RESIDENTIAL,Studio - Courtyard,STUDIO,14.16,FRESH,INNER UNIT
MID,23,88,TOWER 1 23-88,RESIDENTIAL,Studio - Courtyard,STUDIO,14.16,FRESH,INNER UNIT
MID,23,89,TOWER 1 23-89,RESIDENTIAL,Studio - Courtyard,STUDIO,14.16,FRESH,INNER UNIT
MID,23,90,TOWER 1 23-90,RESIDENTIAL,Studio - Courtyard,STUDIO,14.16,FRESH,
MID,23,91,TOWER 1 23-91,RESIDENTIAL,Studio - Courtyard,STUDIO,14.16,FRESH,
MID,23,92,TOWER 1 23-92,RESIDENTIAL,Studio - Courtyard,STUDIO,14.16,FRESH,INNER UNIT
MID,23,93,TOWER 1 23-93,RESIDENTIAL,Studio - Courtyard,STUDIO,14.16,FRESH,INNER UNIT
MID,23,94,TOWER 1 23-94,RESIDENTIAL,Studio - Courtyard,STUDIO,14.16,FRESH,INNER UNIT
MID,23,95,TOWER 1 23-95,RESIDENTIAL,Studio - Courtyard,STUDIO,14.16,FRESH,INNER UNIT
MID,23,96,TOWER 1 23-96,RESIDENTIAL,Studio - Courtyard,STUDIO,14.16,FRESH,INNER UNIT
MID,23,97,TOWER 1 23-97,RESIDENTIAL,Studio - Courtyard,STUDIO,14.16,FRESH,INNER UNIT
MID,23,98,TOWER 1 23-98,RESIDENTIAL,Studio - Courtyard,STUDIO,14.16,FRESH,INNER UNIT
MID,23,99,TOWER 1 23-99,RESIDENTIAL,Studio - Courtyard,STUDIO,14.16,FRESH,INNER UNIT
MID,23,101,TOWER 1 23-101,RESIDENTIAL,1BR - Outer,1BR,28.32,FRESH,
MID,23,102,TOWER 1 23-102,RESIDENTIAL,Studio - Outer,STUDIO,13.82,FRESH,Samson
MID,23,103,TOWER 1 23-103,RESIDENTIAL,Studio - Outer,STUDIO,14.16,FRESH,
MID,23,104,TOWER 1 23-104,RESIDENTIAL,Studio - Outer,STUDIO,13.82,FRESH,Samson
MID,23,105,TOWER 1 23-105,RESIDENTIAL,Studio - Outer,STUDIO,13.82,FRESH,
MID,23,106,TOWER 1 23-106,RESIDENTIAL,Studio - Outer,STUDIO,13.82,FRESH,Samson
MID,23,107,TOWER 1 23-107,RESIDENTIAL,Studio - Outer,STUDIO,13.82,FRESH,Samson
MID,23,108,TOWER 1 23-108,RESIDENTIAL,Studio - Courtyard,STUDIO,14.16,FRESH,Samson
MID,23,109,TOWER 1 23-109,RESIDENTIAL,Studio - Outer,STUDIO,13.82,FRESH,Samson
MID,23,110,TOWER 1 23-110,RESIDENTIAL,Studio - Courtyard,STUDIO,14.16,FRESH,Samson
MID,23,111,TOWER 1 23-111,RESIDENTIAL,Studio - Outer,STUDIO,13.82,FRESH,Samson
MID,23,112,TOWER 1 23-112,RESIDENTIAL,Studio - Courtyard,STUDIO,14.16,FRESH,Samson
MID,23,113,TOWER 1 23-113,RESIDENTIAL,Studio - Outer,STUDIO,13.82,FRESH,Samson
MID,23,114,TOWER 1 23-114,RESIDENTIAL,Studio - Courtyard,STUDIO,14.16,FRESH,Samson
MID,23,115,TOWER 1 23-115,RESIDENTIAL,Studio - Outer,STUDIO,13.82,FRESH,Samson
MID,23,116,TOWER 1 23-116,RESIDENTIAL,Studio - Courtyard,STUDIO,14.16,FRESH,
MID,23,117,TOWER 1 23-117,RESIDENTIAL,Studio - Outer,STUDIO,13.82,FRESH,
MID,23,118,TOWER 1 23-118,RESIDENTIAL,Studio - Courtyard,STUDIO,14.16,FRESH,Samson
MID,23,119,TOWER 1 23-119,RESIDENTIAL,Studio - Outer,STUDIO,13.82,FRESH,Samson
MID,23,120,TOWER 1 23-120,RESIDENTIAL,Studio - Courtyard,STUDIO,14.16,FRESH,Samson
MID,23,121,TOWER 1 23-121,RESIDENTIAL,Studio - Outer,STUDIO,13.82,FRESH,Samson
MID,23,122,TOWER 1 23-122,RESIDENTIAL,Studio - Courtyard,STUDIO,14.16,FRESH,Samson
MID,23,123,TOWER 1 23-123,RESIDENTIAL,Studio - Outer,STUDIO,12.56,FRESH,Samson
MID,23,124,TOWER 1 23-124,RESIDENTIAL,Studio - Courtyard,STUDIO,14.16,FRESH,Samson
MID,23,125,TOWER 1 23-125,RESIDENTIAL,Studio - Outer,STUDIO,13.67,FRESH,Samson
MID,24,2,TOWER 1 24-2,RESIDENTIAL,Studio - Outer,STUDIO,13.06,FRESH,
MID,24,4,TOWER 1 24-4,RESIDENTIAL,Studio - Outer,STUDIO,13.06,FRESH,EDSA
MID,24,5,TOWER 1 24-5,RESIDENTIAL,Studio - Outer,STUDIO,13.06,FRESH,EDSA
MID,24,6,TOWER 1 24-6,RESIDENTIAL,Studio - Outer,STUDIO,13.06,FRESH,EDSA
MID,24,7,TOWER 1 24-7,RESIDENTIAL,Studio - Outer,STUDIO,13.06,FRESH,EDSA
MID,24,8,TOWER 1 24-8,RESIDENTIAL,Studio - Courtyard,STUDIO,12.43,FRESH,EDSA
MID,24,9,TOWER 1 24-9,RESIDENTIAL,Studio - Outer,STUDIO,13.06,FRESH,EDSA
MID,24,10,TOWER 1 24-10,RESIDENTIAL,Studio - Courtyard,STUDIO,12.12,FRESH,EDSA
MID,24,11,TOWER 1 24-11,RESIDENTIAL,Studio - Outer,STUDIO,13.06,FRESH,EDSA
MID,24,12,TOWER 1 24-12,RESIDENTIAL,Studio - Courtyard,STUDIO,12.12,FRESH,EDSA
MID,24,13,TOWER 1 24-13,RESIDENTIAL,Studio - Outer,STUDIO,13.06,FRESH,EDSA
MID,24,14,TOWER 1 24-14,RESIDENTIAL,Studio - Courtyard,STUDIO,12.43,FRESH,EDSA
MID,24,15,TOWER 1 24-15,RESIDENTIAL,Studio - Outer,STUDIO,13.06,FRESH,EDSA
MID,24,16,TOWER 1 24-16,RESIDENTIAL,Studio - Outer,STUDIO,13.06,FRESH,EDSA
MID,24,17,TOWER 1 24-17,RESIDENTIAL,Studio - Outer,STUDIO,13.06,FRESH,EDSA
MID,24,18,TOWER 1 24-18,RESIDENTIAL,Studio - Outer,STUDIO,13.06,FRESH,EDSA
MID,24,20,TOWER 1 24-20,RESIDENTIAL,Studio - Courtyard,STUDIO,12.43,FRESH,EDSA
MID,24,21,TOWER 1 24-21,RESIDENTIAL,Studio - Outer,STUDIO,13.06,FRESH,EDSA
MID,24,22,TOWER 1 24-22,RESIDENTIAL,Studio - Courtyard,STUDIO,12.12,FRESH,EDSA
MID,24,23,TOWER 1 24-23,RESIDENTIAL,Studio - Outer,STUDIO,13.06,FRESH,EDSA
MID,24,24,TOWER 1 24-24,RESIDENTIAL,Studio - Courtyard,STUDIO,12.12,FRESH,EDSA
MID,24,25,TOWER 1 24-25,RESIDENTIAL,Studio - Outer,STUDIO,13.06,FRESH,EDSA
MID,24,26,TOWER 1 24-26,RESIDENTIAL,Studio - Courtyard,STUDIO,12.43,FRESH,EDSA
MID,24,27,TOWER 1 24-27,RESIDENTIAL,Studio - Outer,STUDIO,13.06,FRESH,EDSA
MID,24,28,TOWER 1 24-28,RESIDENTIAL,Studio - Outer,STUDIO,13.06,FRESH,EDSA
MID,24,29,TOWER 1 24-29,RESIDENTIAL,Studio - Outer,STUDIO,13.06,FRESH,EDSA
MID,24,30,TOWER 1 24-30,RESIDENTIAL,Studio - Outer,STUDIO,13.06,FRESH,EDSA
MID,24,31,TOWER 1 24-31,RESIDENTIAL,Studio - Outer,STUDIO,13.06,FRESH,
MID,24,32,TOWER 1 24-32,RESIDENTIAL,Studio - Outer,STUDIO,13.06,FRESH,
MID,24,35,TOWER 1 24-35,RESIDENTIAL,Studio - Outer,STUDIO,13.67,FRESH,Ignacio Diaz
MID,24,36,TOWER 1 24-36,RESIDENTIAL,Studio - Courtyard,STUDIO,14.16,FRESH,Ignacio Diaz
MID,24,37,TOWER 1 24-37,RESIDENTIAL,Studio - Outer,STUDIO,12.56,FRESH,Ignacio Diaz
MID,24,38,TOWER 1 24-38,RESIDENTIAL,Studio - Courtyard,STUDIO,14.16,FRESH,Ignacio Diaz
MID,24,39,TOWER 1 24-39,RESIDENTIAL,Studio - Outer,STUDIO,13.82,FRESH,Ignacio Diaz
MID,24,40,TOWER 1 24-40,RESIDENTIAL,Studio - Courtyard,STUDIO,14.16,FRESH,Ignacio Diaz
MID,24,41,TOWER 1 24-41,RESIDENTIAL,Studio - Outer,STUDIO,13.82,FRESH,Ignacio Diaz
MID,24,42,TOWER 1 24-42,RESIDENTIAL,Studio - Courtyard,STUDIO,14.16,FRESH,Ignacio Diaz
MID,24,43,TOWER 1 24-43,RESIDENTIAL,Studio - Outer,STUDIO,13.82,FRESH,
MID,24,44,TOWER 1 24-44,RESIDENTIAL,Studio - Courtyard,STUDIO,14.16,FRESH,
MID,24,45,TOWER 1 24-45,RESIDENTIAL,Studio - Outer,STUDIO,13.82,FRESH,Ignacio Diaz
MID,24,46,TOWER 1 24-46,RESIDENTIAL,Studio - Courtyard,STUDIO,14.16,FRESH,Ignacio Diaz
MID,24,47,TOWER 1 24-47,RESIDENTIAL,Studio - Outer,STUDIO,13.82,FRESH,Ignacio Diaz
MID,24,48,TOWER 1 24-48,RESIDENTIAL,Studio - Courtyard,STUDIO,14.16,FRESH,Ignacio Diaz
MID,24,49,TOWER 1 24-49,RESIDENTIAL,Studio - Outer,STUDIO,13.82,FRESH,Ignacio Diaz
MID,24,50,TOWER 1 24-50,RESIDENTIAL,Studio - Courtyard,STUDIO,14.16,FRESH,Ignacio Diaz
MID,24,51,TOWER 1 24-51,RESIDENTIAL,Studio - Outer,STUDIO,13.82,FRESH,Ignacio Diaz
MID,24,52,TOWER 1 24-52,RESIDENTIAL,Studio - Courtyard,STUDIO,14.16,FRESH,Ignacio Diaz
MID,24,53,TOWER 1 24-53,RESIDENTIAL,Studio - Outer,STUDIO,13.82,FRESH,Ignacio Diaz
MID,24,54,TOWER 1 24-54,RESIDENTIAL,Studio - Outer,STUDIO,13.82,FRESH,Ignacio Diaz
MID,24,55,TOWER 1 24-55,RESIDENTIAL,Studio - Outer,STUDIO,13.82,FRESH,
MID,24,56,TOWER 1 24-56,RESIDENTIAL,Studio - Outer,STUDIO,13.82,FRESH,Ignacio Diaz
MID,24,57,TOWER 1 24-57,RESIDENTIAL,Studio - Outer,STUDIO,14.16,FRESH,Ignacio Diaz
MID,24,58,TOWER 1 24-58,RESIDENTIAL,Studio - Outer,STUDIO,13.82,FRESH,Ignacio Diaz
MID,24,59,TOWER 1 24-59,RESIDENTIAL,Studio - Outer,STUDIO,14.16,FRESH,Ignacio Diaz
MID,24,60,TOWER 1 24-60,RESIDENTIAL,1BR - Outer,1BR,27.64,FRESH,
MID,24,61,TOWER 1 24-61,RESIDENTIAL,1BR - Outer,1BR,28.32,FRESH,
MID,24,62,TOWER 1 24-62,RESIDENTIAL,Studio - Outer,STUDIO,12.47,FRESH,PYP
MID,24,63,TOWER 1 24-63,RESIDENTIAL,Studio - Courtyard,STUDIO,12.43,FRESH,PYP
MID,24,64,TOWER 1 24-64,RESIDENTIAL,Studio - Outer,STUDIO,12.25,FRESH,PYP
MID,24,65,TOWER 1 24-65,RESIDENTIAL,Studio - Courtyard,STUDIO,12.12,FRESH,PYP
MID,24,66,TOWER 1 24-66,RESIDENTIAL,Studio - Outer,STUDIO,13.34,FRESH,PYP
MID,24,67,TOWER 1 24-67,RESIDENTIAL,Studio - Courtyard,STUDIO,12.12,FRESH,PYP
MID,24,68,TOWER 1 24-68,RESIDENTIAL,Studio - Outer,STUDIO,13.34,FRESH,PYP
MID,24,69,TOWER 1 24-69,RESIDENTIAL,Studio - Courtyard,STUDIO,12.43,FRESH,PYP
MID,24,70,TOWER 1 24-70,RESIDENTIAL,Studio - Outer,STUDIO,13.34,FRESH,PYP
MID,24,71,TOWER 1 24-71,RESIDENTIAL,Studio - Outer,STUDIO,13.34,FRESH,PYP
MID,24,72,TOWER 1 24-72,RESIDENTIAL,Studio - Outer,STUDIO,13.34,FRESH,PYP
MID,24,73,TOWER 1 24-73,RESIDENTIAL,Studio - Outer,STUDIO,13.34,FRESH,PYP
MID,24,74,TOWER 1 24-74,RESIDENTIAL,Studio - Outer,STUDIO,13.34,FRESH,PYP
MID,24,75,TOWER 1 24-75,RESIDENTIAL,Studio - Courtyard,STUDIO,12.43,FRESH,PYP
MID,24,76,TOWER 1 24-76,RESIDENTIAL,Studio - Outer,STUDIO,13.34,FRESH,PYP
MID,24,77,TOWER 1 24-77,RESIDENTIAL,Studio - Courtyard,STUDIO,12.12,FRESH,PYP
MID,24,78,TOWER 1 24-78,RESIDENTIAL,Studio - Outer,STUDIO,12.25,FRESH,PYP
MID,24,79,TOWER 1 24-79,RESIDENTIAL,Studio - Courtyard,STUDIO,12.12,FRESH,PYP
MID,24,80,TOWER 1 24-80,RESIDENTIAL,Studio - Outer,STUDIO,12.47,FRESH,PYP
MID,24,81,TOWER 1 24-81,RESIDENTIAL,Studio - Courtyard,STUDIO,12.43,FRESH,PYP
MID,24,82,TOWER 1 24-82,RESIDENTIAL,Studio - Courtyard,STUDIO,14.16,FRESH,INNER UNIT
MID,24,83,TOWER 1 24-83,RESIDENTIAL,Studio - Courtyard,STUDIO,14.16,FRESH,INNER UNIT
MID,24,84,TOWER 1 24-84,RESIDENTIAL,Studio - Courtyard,STUDIO,14.16,FRESH,INNER UNIT
MID,24,85,TOWER 1 24-85,RESIDENTIAL,Studio - Courtyard,STUDIO,14.16,FRESH,INNER UNIT
MID,24,86,TOWER 1 24-86,RESIDENTIAL,Studio - Courtyard,STUDIO,14.16,FRESH,INNER UNIT
MID,24,87,TOWER 1 24-87,RESIDENTIAL,Studio - Courtyard,STUDIO,14.16,FRESH,INNER UNIT
MID,24,88,TOWER 1 24-88,RESIDENTIAL,Studio - Courtyard,STUDIO,14.16,FRESH,INNER UNIT
MID,24,89,TOWER 1 24-89,RESIDENTIAL,Studio - Courtyard,STUDIO,14.16,FRESH,INNER UNIT
MID,24,90,TOWER 1 24-90,RESIDENTIAL,Studio - Courtyard,STUDIO,14.16,FRESH,
MID,24,91,TOWER 1 24-91,RESIDENTIAL,Studio - Courtyard,STUDIO,14.16,FRESH,
MID,24,92,TOWER 1 24-92,RESIDENTIAL,Studio - Courtyard,STUDIO,14.16,FRESH,INNER UNIT
MID,24,93,TOWER 1 24-93,RESIDENTIAL,Studio - Courtyard,STUDIO,14.16,FRESH,INNER UNIT
MID,24,94,TOWER 1 24-94,RESIDENTIAL,Studio - Courtyard,STUDIO,14.16,FRESH,INNER UNIT
MID,24,95,TOWER 1 24-95,RESIDENTIAL,Studio - Courtyard,STUDIO,14.16,FRESH,INNER UNIT
MID,24,96,TOWER 1 24-96,RESIDENTIAL,Studio - Courtyard,STUDIO,14.16,FRESH,INNER UNIT
MID,24,97,TOWER 1 24-97,RESIDENTIAL,Studio - Courtyard,STUDIO,14.16,FRESH,INNER UNIT
MID,24,98,TOWER 1 24-98,RESIDENTIAL,Studio - Courtyard,STUDIO,14.16,FRESH,INNER UNIT
MID,24,99,TOWER 1 24-99,RESIDENTIAL,Studio - Courtyard,STUDIO,14.16,FRESH,INNER UNIT
MID,24,101,TOWER 1 24-101,RESIDENTIAL,1BR - Outer,1BR,28.32,FRESH,
MID,24,103,TOWER 1 24-103,RESIDENTIAL,Studio - Outer,STUDIO,14.16,FRESH,
MID,24,104,TOWER 1 24-104,RESIDENTIAL,Studio - Outer,STUDIO,13.82,FRESH,Samson
MID,24,105,TOWER 1 24-105,RESIDENTIAL,Studio - Outer,STUDIO,13.82,FRESH,
MID,24,106,TOWER 1 24-106,RESIDENTIAL,Studio - Outer,STUDIO,13.82,FRESH,Samson
MID,24,107,TOWER 1 24-107,RESIDENTIAL,Studio - Outer,STUDIO,13.82,FRESH,Samson
MID,24,108,TOWER 1 24-108,RESIDENTIAL,Studio - Courtyard,STUDIO,14.16,FRESH,Samson
MID,24,109,TOWER 1 24-109,RESIDENTIAL,Studio - Outer,STUDIO,13.82,FRESH,Samson
MID,24,110,TOWER 1 24-110,RESIDENTIAL,Studio - Courtyard,STUDIO,14.16,FRESH,Samson
MID,24,112,TOWER 1 24-112,RESIDENTIAL,Studio - Courtyard,STUDIO,14.16,FRESH,Samson
MID,24,113,TOWER 1 24-113,RESIDENTIAL,Studio - Outer,STUDIO,13.82,FRESH,Samson
MID,24,114,TOWER 1 24-114,RESIDENTIAL,Studio - Courtyard,STUDIO,14.16,FRESH,Samson
MID,24,115,TOWER 1 24-115,RESIDENTIAL,Studio - Outer,STUDIO,13.82,FRESH,Samson
MID,24,116,TOWER 1 24-116,RESIDENTIAL,Studio - Courtyard,STUDIO,14.16,FRESH,
MID,24,118,TOWER 1 24-118,RESIDENTIAL,Studio - Courtyard,STUDIO,14.16,FRESH,Samson
MID,24,119,TOWER 1 24-119,RESIDENTIAL,Studio - Outer,STUDIO,13.82,FRESH,Samson
MID,24,120,TOWER 1 24-120,RESIDENTIAL,Studio - Courtyard,STUDIO,14.16,FRESH,Samson
MID,24,121,TOWER 1 24-121,RESIDENTIAL,Studio - Outer,STUDIO,13.82,FRESH,Samson
MID,24,122,TOWER 1 24-122,RESIDENTIAL,Studio - Courtyard,STUDIO,14.16,FRESH,Samson
MID,24,123,TOWER 1 24-123,RESIDENTIAL,Studio - Outer,STUDIO,12.56,FRESH,Samson
MID,24,124,TOWER 1 24-124,RESIDENTIAL,Studio - Courtyard,STUDIO,14.16,FRESH,Samson
MID,24,125,TOWER 1 24-125,RESIDENTIAL,Studio - Outer,STUDIO,13.67,FRESH,Samson
MID,25,2,TOWER 1 25-2,RESIDENTIAL,Studio - Outer,STUDIO,13.06,FRESH,
MID,25,4,TOWER 1 25-4,RESIDENTIAL,Studio - Outer,STUDIO,13.06,FRESH,EDSA
MID,25,5,TOWER 1 25-5,RESIDENTIAL,Studio - Outer,STUDIO,13.06,FRESH,EDSA
MID,25,6,TOWER 1 25-6,RESIDENTIAL,Studio - Outer,STUDIO,13.06,FRESH,EDSA
MID,25,8,TOWER 1 25-8,RESIDENTIAL,Studio - Courtyard,STUDIO,12.43,FRESH,EDSA
MID,25,9,TOWER 1 25-9,RESIDENTIAL,Studio - Outer,STUDIO,13.06,FRESH,EDSA
MID,25,10,TOWER 1 25-10,RESIDENTIAL,Studio - Courtyard,STUDIO,12.12,FRESH,EDSA
MID,25,11,TOWER 1 25-11,RESIDENTIAL,Studio - Outer,STUDIO,13.06,FRESH,EDSA
MID,25,12,TOWER 1 25-12,RESIDENTIAL,Studio - Courtyard,STUDIO,12.12,FRESH,EDSA
MID,25,13,TOWER 1 25-13,RESIDENTIAL,Studio - Outer,STUDIO,13.06,FRESH,EDSA
MID,25,14,TOWER 1 25-14,RESIDENTIAL,Studio - Courtyard,STUDIO,12.43,FRESH,EDSA
MID,25,15,TOWER 1 25-15,RESIDENTIAL,Studio - Outer,STUDIO,13.06,FRESH,EDSA
MID,25,16,TOWER 1 25-16,RESIDENTIAL,Studio - Outer,STUDIO,13.06,FRESH,EDSA
MID,25,17,TOWER 1 25-17,RESIDENTIAL,Studio - Outer,STUDIO,13.06,FRESH,EDSA
MID,25,18,TOWER 1 25-18,RESIDENTIAL,Studio - Outer,STUDIO,13.06,FRESH,EDSA
MID,25,19,TOWER 1 25-19,RESIDENTIAL,Studio - Outer,STUDIO,13.06,FRESH,EDSA
MID,25,20,TOWER 1 25-20,RESIDENTIAL,Studio - Courtyard,STUDIO,12.43,FRESH,EDSA
MID,25,22,TOWER 1 25-22,RESIDENTIAL,Studio - Courtyard,STUDIO,12.12,FRESH,EDSA
MID,25,23,TOWER 1 25-23,RESIDENTIAL,Studio - Outer,STUDIO,13.06,FRESH,EDSA
MID,25,24,TOWER 1 25-24,RESIDENTIAL,Studio - Courtyard,STUDIO,12.12,FRESH,EDSA
MID,25,26,TOWER 1 25-26,RESIDENTIAL,Studio - Courtyard,STUDIO,12.43,FRESH,EDSA
MID,25,27,TOWER 1 25-27,RESIDENTIAL,Studio - Outer,STUDIO,13.06,FRESH,EDSA
MID,25,28,TOWER 1 25-28,RESIDENTIAL,Studio - Outer,STUDIO,13.06,FRESH,EDSA
MID,25,29,TOWER 1 25-29,RESIDENTIAL,Studio - Outer,STUDIO,13.06,FRESH,EDSA
MID,25,30,TOWER 1 25-30,RESIDENTIAL,Studio - Outer,STUDIO,13.06,FRESH,EDSA
MID,25,31,TOWER 1 25-31,RESIDENTIAL,Studio - Outer,STUDIO,13.06,FRESH,
MID,25,32,TOWER 1 25-32,RESIDENTIAL,Studio - Outer,STUDIO,13.06,FRESH,
MID,25,35,TOWER 1 25-35,RESIDENTIAL,Studio - Outer,STUDIO,13.67,FRESH,Ignacio Diaz
MID,25,36,TOWER 1 25-36,RESIDENTIAL,Studio - Courtyard,STUDIO,14.16,FRESH,Ignacio Diaz
MID,25,37,TOWER 1 25-37,RESIDENTIAL,Studio - Outer,STUDIO,12.56,FRESH,Ignacio Diaz
MID,25,38,TOWER 1 25-38,RESIDENTIAL,Studio - Courtyard,STUDIO,14.16,FRESH,Ignacio Diaz
MID,25,39,TOWER 1 25-39,RESIDENTIAL,Studio - Outer,STUDIO,13.82,FRESH,Ignacio Diaz
MID,25,40,TOWER 1 25-40,RESIDENTIAL,Studio - Courtyard,STUDIO,14.16,FRESH,Ignacio Diaz
MID,25,41,TOWER 1 25-41,RESIDENTIAL,Studio - Outer,STUDIO,13.82,FRESH,Ignacio Diaz
MID,25,42,TOWER 1 25-42,RESIDENTIAL,Studio - Courtyard,STUDIO,14.16,FRESH,Ignacio Diaz
MID,25,43,TOWER 1 25-43,RESIDENTIAL,Studio - Outer,STUDIO,13.82,FRESH,
MID,25,44,TOWER 1 25-44,RESIDENTIAL,Studio - Courtyard,STUDIO,14.16,FRESH,
MID,25,45,TOWER 1 25-45,RESIDENTIAL,Studio - Outer,STUDIO,13.82,FRESH,Ignacio Diaz
MID,25,46,TOWER 1 25-46,RESIDENTIAL,Studio - Courtyard,STUDIO,14.16,FRESH,Ignacio Diaz
MID,25,47,TOWER 1 25-47,RESIDENTIAL,Studio - Outer,STUDIO,13.82,FRESH,Ignacio Diaz
MID,25,48,TOWER 1 25-48,RESIDENTIAL,Studio - Courtyard,STUDIO,14.16,FRESH,Ignacio Diaz
MID,25,49,TOWER 1 25-49,RESIDENTIAL,Studio - Outer,STUDIO,13.82,FRESH,Ignacio Diaz
MID,25,50,TOWER 1 25-50,RESIDENTIAL,Studio - Courtyard,STUDIO,14.16,FRESH,Ignacio Diaz
MID,25,51,TOWER 1 25-51,RESIDENTIAL,Studio - Outer,STUDIO,13.82,FRESH,Ignacio Diaz
MID,25,52,TOWER 1 25-52,RESIDENTIAL,Studio - Courtyard,STUDIO,14.16,FRESH,Ignacio Diaz
MID,25,53,TOWER 1 25-53,RESIDENTIAL,Studio - Outer,STUDIO,13.82,FRESH,Ignacio Diaz
MID,25,54,TOWER 1 25-54,RESIDENTIAL,Studio - Outer,STUDIO,13.82,FRESH,Ignacio Diaz
MID,25,55,TOWER 1 25-55,RESIDENTIAL,Studio - Outer,STUDIO,13.82,FRESH,
MID,25,56,TOWER 1 25-56,RESIDENTIAL,Studio - Outer,STUDIO,13.82,FRESH,Ignacio Diaz
MID,25,57,TOWER 1 25-57,RESIDENTIAL,Studio - Outer,STUDIO,14.16,FRESH,Ignacio Diaz
MID,25,59,TOWER 1 25-59,RESIDENTIAL,Studio - Outer,STUDIO,14.16,FRESH,Ignacio Diaz
MID,25,61,TOWER 1 25-61,RESIDENTIAL,1BR - Outer,1BR,28.32,FRESH,
MID,25,62,TOWER 1 25-62,RESIDENTIAL,Studio - Outer,STUDIO,12.47,FRESH,PYP
MID,25,63,TOWER 1 25-63,RESIDENTIAL,Studio - Courtyard,STUDIO,12.43,FRESH,PYP
MID,25,64,TOWER 1 25-64,RESIDENTIAL,Studio - Outer,STUDIO,12.25,FRESH,PYP
MID,25,65,TOWER 1 25-65,RESIDENTIAL,Studio - Courtyard,STUDIO,12.12,FRESH,PYP
MID,25,66,TOWER 1 25-66,RESIDENTIAL,Studio - Outer,STUDIO,13.34,FRESH,PYP
MID,25,67,TOWER 1 25-67,RESIDENTIAL,Studio - Courtyard,STUDIO,12.12,FRESH,PYP
MID,25,68,TOWER 1 25-68,RESIDENTIAL,Studio - Outer,STUDIO,13.34,FRESH,PYP
MID,25,69,TOWER 1 25-69,RESIDENTIAL,Studio - Courtyard,STUDIO,12.43,FRESH,PYP
MID,25,70,TOWER 1 25-70,RESIDENTIAL,Studio - Outer,STUDIO,13.34,FRESH,PYP
MID,25,71,TOWER 1 25-71,RESIDENTIAL,Studio - Outer,STUDIO,13.34,FRESH,PYP
MID,25,72,TOWER 1 25-72,RESIDENTIAL,Studio - Outer,STUDIO,13.34,FRESH,PYP
MID,25,73,TOWER 1 25-73,RESIDENTIAL,Studio - Outer,STUDIO,13.34,FRESH,PYP
MID,25,74,TOWER 1 25-74,RESIDENTIAL,Studio - Outer,STUDIO,13.34,FRESH,PYP
MID,25,75,TOWER 1 25-75,RESIDENTIAL,Studio - Courtyard,STUDIO,12.43,FRESH,PYP
MID,25,76,TOWER 1 25-76,RESIDENTIAL,Studio - Outer,STUDIO,13.34,FRESH,PYP
MID,25,77,TOWER 1 25-77,RESIDENTIAL,Studio - Courtyard,STUDIO,12.12,FRESH,PYP
MID,25,78,TOWER 1 25-78,RESIDENTIAL,Studio - Outer,STUDIO,12.25,FRESH,PYP
MID,25,79,TOWER 1 25-79,RESIDENTIAL,Studio - Courtyard,STUDIO,12.12,FRESH,PYP
MID,25,80,TOWER 1 25-80,RESIDENTIAL,Studio - Outer,STUDIO,12.47,FRESH,PYP
MID,25,81,TOWER 1 25-81,RESIDENTIAL,Studio - Courtyard,STUDIO,12.43,FRESH,PYP
MID,25,82,TOWER 1 25-82,RESIDENTIAL,Studio - Courtyard,STUDIO,14.16,FRESH,INNER UNIT
MID,25,83,TOWER 1 25-83,RESIDENTIAL,Studio - Courtyard,STUDIO,14.16,FRESH,INNER UNIT
MID,25,84,TOWER 1 25-84,RESIDENTIAL,Studio - Courtyard,STUDIO,14.16,FRESH,INNER UNIT
MID,25,85,TOWER 1 25-85,RESIDENTIAL,Studio - Courtyard,STUDIO,14.16,FRESH,INNER UNIT
MID,25,86,TOWER 1 25-86,RESIDENTIAL,Studio - Courtyard,STUDIO,14.16,FRESH,INNER UNIT
MID,25,87,TOWER 1 25-87,RESIDENTIAL,Studio - Courtyard,STUDIO,14.16,FRESH,INNER UNIT
MID,25,88,TOWER 1 25-88,RESIDENTIAL,Studio - Courtyard,STUDIO,14.16,FRESH,INNER UNIT
MID,25,89,TOWER 1 25-89,RESIDENTIAL,Studio - Courtyard,STUDIO,14.16,FRESH,INNER UNIT
MID,25,90,TOWER 1 25-90,RESIDENTIAL,Studio - Courtyard,STUDIO,14.16,FRESH,
MID,25,91,TOWER 1 25-91,RESIDENTIAL,Studio - Courtyard,STUDIO,14.16,FRESH,
MID,25,92,TOWER 1 25-92,RESIDENTIAL,Studio - Courtyard,STUDIO,14.16,FRESH,INNER UNIT
MID,25,93,TOWER 1 25-93,RESIDENTIAL,Studio - Courtyard,STUDIO,14.16,FRESH,INNER UNIT
MID,25,94,TOWER 1 25-94,RESIDENTIAL,Studio - Courtyard,STUDIO,14.16,FRESH,INNER UNIT
MID,25,95,TOWER 1 25-95,RESIDENTIAL,Studio - Courtyard,STUDIO,14.16,FRESH,INNER UNIT
MID,25,96,TOWER 1 25-96,RESIDENTIAL,Studio - Courtyard,STUDIO,14.16,FRESH,INNER UNIT
MID,25,97,TOWER 1 25-97,RESIDENTIAL,Studio - Courtyard,STUDIO,14.16,FRESH,INNER UNIT
MID,25,98,TOWER 1 25-98,RESIDENTIAL,Studio - Courtyard,STUDIO,14.16,FRESH,INNER UNIT
MID,25,99,TOWER 1 25-99,RESIDENTIAL,Studio - Courtyard,STUDIO,14.16,FRESH,INNER UNIT
MID,25,101,TOWER 1 25-101,RESIDENTIAL,1BR - Outer,1BR,28.32,FRESH,
MID,25,102,TOWER 1 25-102,RESIDENTIAL,Studio - Outer,STUDIO,13.82,FRESH,Samson
MID,25,103,TOWER 1 25-103,RESIDENTIAL,Studio - Outer,STUDIO,14.16,FRESH,
MID,25,104,TOWER 1 25-104,RESIDENTIAL,Studio - Outer,STUDIO,13.82,FRESH,Samson
MID,25,105,TOWER 1 25-105,RESIDENTIAL,Studio - Outer,STUDIO,13.82,FRESH,
MID,25,106,TOWER 1 25-106,RESIDENTIAL,Studio - Outer,STUDIO,13.82,FRESH,Samson
MID,25,107,TOWER 1 25-107,RESIDENTIAL,Studio - Outer,STUDIO,13.82,FRESH,Samson
MID,25,108,TOWER 1 25-108,RESIDENTIAL,Studio - Courtyard,STUDIO,14.16,FRESH,Samson
MID,25,109,TOWER 1 25-109,RESIDENTIAL,Studio - Outer,STUDIO,13.82,FRESH,Samson
MID,25,110,TOWER 1 25-110,RESIDENTIAL,Studio - Courtyard,STUDIO,14.16,FRESH,Samson
MID,25,111,TOWER 1 25-111,RESIDENTIAL,Studio - Outer,STUDIO,13.82,FRESH,Samson
MID,25,112,TOWER 1 25-112,RESIDENTIAL,Studio - Courtyard,STUDIO,14.16,FRESH,Samson
MID,25,113,TOWER 1 25-113,RESIDENTIAL,Studio - Outer,STUDIO,13.82,FRESH,Samson
MID,25,114,TOWER 1 25-114,RESIDENTIAL,Studio - Courtyard,STUDIO,14.16,FRESH,Samson
MID,25,116,TOWER 1 25-116,RESIDENTIAL,Studio - Courtyard,STUDIO,14.16,FRESH,
MID,25,118,TOWER 1 25-118,RESIDENTIAL,Studio - Courtyard,STUDIO,14.16,FRESH,Samson
MID,25,120,TOWER 1 25-120,RESIDENTIAL,Studio - Courtyard,STUDIO,14.16,FRESH,Samson
MID,25,121,TOWER 1 25-121,RESIDENTIAL,Studio - Outer,STUDIO,13.82,FRESH,Samson
MID,25,122,TOWER 1 25-122,RESIDENTIAL,Studio - Courtyard,STUDIO,14.16,FRESH,Samson
MID,25,123,TOWER 1 25-123,RESIDENTIAL,Studio - Outer,STUDIO,12.56,FRESH,Samson
MID,25,124,TOWER 1 25-124,RESIDENTIAL,Studio - Courtyard,STUDIO,14.16,FRESH,Samson
MID,25,125,TOWER 1 25-125,RESIDENTIAL,Studio - Outer,STUDIO,13.67,FRESH,Samson