BLDG,UNIT,,Zone,"Location
Code",Unit Type,Unit Area,"Account
Status",FACING VIEW
K,202,K-202,LOW,Outer,2BR-B,30.6,Fresh,BLDG L
K,203,K-203,LOW,Outer,2BR-B,30.6,Fresh,BLDG L
K,204,K-204,LOW,Outer,2BR-B,30.6,Fresh,BLDG L
K,206,K-206,LOW,Outer,2BR-B,30.6,Fresh,BLDG L
K,207,K-207,LOW,Outer,2BR-B,30.6,Fresh,BLDG L
K,208,K-208,LOW,Outer,2BR-B,30.6,Fresh,BLDG L
K,209,K-209,LOW,Outer,2BR-B,30.6,Fresh,BLDG L
K,210,K-210,LOW,Outer,2BR-B,30.6,Fresh,BLDG L
K,225,K-225,LOW,Outer,2BR-B,30.6,Fresh,BLDG J
K,226,K-226,LOW,Outer,2BR-B,30.6,Fresh,BLDG J
K,227,K-227,LOW,Outer,2BR-B,30.6,Fresh,BLDG J
K,228,K-228,LOW,Outer,2BR-B,30.6,Fresh,BLDG J
K,229,K-229,LOW,Outer,2BR-B,30.6,Fresh,BLDG J
K,230,K-230,LOW,Outer,2BR-B,30.6,Fresh,BLDG J
K,234,K-234,LOW,Outer,2BR-B,30.6,Fresh,BLDG C
K,235,K-235,LOW,Outer,2BR-B,30.6,Fresh,BLDG C
K,236,K-236,LOW,Outer,2BR-B,30.6,Fresh,BLDG C
K,237,K-237,LOW,Outer,2BR-B,30.6,Fresh,BLDG C
K,238,K-238,LOW,Outer,2BR-B,30.6,Fresh,BLDG C
K,239,K-239,LOW,Outer,2BR-B,30.6,Fresh,BLDG C
K,240,K-240,LOW,Outer,2BR-B,30.6,Fresh,BLDG C
K,241,K-241,LOW,Outer,2BR-B,30.6,Fresh,BLDG C
K,246,K-246,LOW,Inner,2BR-B,30.6,Fresh,INNER BLDG
K,247,K-247,LOW,Inner,2BR-B,30.6,Fresh,INNER BLDG
K,248,K-248,LOW,Inner,2BR-B,30.6,Fresh,INNER BLDG
K,250,K-250,LOW,Inner,2BR-B,30.6,Fresh,INNER BLDG
K,252,K-252,LOW,Inner,2BR-B,30.6,Fresh,INNER BLDG
K,253,K-253,LOW,Inner,2BR-B,30.6,Fresh,INNER BLDG
K,255,K-255,LOW,Inner,2BR-B,30.6,Fresh,INNER BLDG
K,256,K-256,LOW,Inner,2BR-B,30.6,Fresh,INNER BLDG
K,257,K-257,LOW,Inner,2BR-B,30.6,Fresh,INNER BLDG
K,261,K-261,LOW,Inner,2BR-B,30.6,Fresh,INNER BLDG
K,262,K-262,LOW,Inner,2BR-B,30.6,Fresh,INNER BLDG
K,302,K-302,LOW,Outer,2BR-B,30.6,Fresh,BLDG L
K,303,K-303,LOW,Outer,2BR-B,30.6,Fresh,BLDG L
K,304,K-304,LOW,Outer,2BR-B,30.6,Fresh,BLDG L
K,306,K-306,LOW,Outer,2BR-B,30.6,Fresh,BLDG L
K,309,K-309,LOW,Outer,2BR-B,30.6,Fresh,BLDG L
K,310,K-310,LOW,Outer,2BR-B,30.6,Fresh,BLDG L
K,327,K-327,LOW,Outer,2BR-B,30.6,Fresh,BLDG J
K,329,K-329,LOW,Outer,2BR-B,30.6,Fresh,BLDG J
K,330,K-330,LOW,Outer,2BR-B,30.6,Fresh,BLDG J
K,331,K-331,LOW,Outer,2BR-B,30.6,Fresh,BLDG J
K,334,K-334,LOW,Outer,2BR-B,30.6,Fresh,BLDG C
K,335,K-335,LOW,Outer,2BR-B,30.6,Fresh,BLDG C
K,336,K-336,LOW,Outer,2BR-B,30.6,Fresh,BLDG C
K,337,K-337,LOW,Outer,2BR-B,30.6,Fresh,BLDG C
K,338,K-338,LOW,Outer,2BR-B,30.6,Fresh,BLDG C
K,339,K-339,LOW,Outer,2BR-B,30.6,Fresh,BLDG C
K,340,K-340,LOW,Outer,2BR-B,30.6,Fresh,BLDG C
K,345,K-345,LOW,Inner,2BR-B,30.6,Fresh,INNER BLDG
K,346,K-346,LOW,Inner,2BR-B,30.6,Fresh,INNER BLDG
K,347,K-347,LOW,Inner,2BR-B,30.6,Fresh,INNER BLDG
K,350,K-350,LOW,Inner,2BR-B,30.6,Fresh,INNER BLDG
K,353,K-353,LOW,Inner,2BR-B,30.6,Fresh,INNER BLDG
K,355,K-355,LOW,Inner,2BR-B,30.6,Fresh,INNER BLDG
K,356,K-356,LOW,Inner,2BR-B,30.6,Fresh,INNER BLDG
K,357,K-357,LOW,Inner,2BR-B,30.6,Fresh,INNER BLDG
K,358,K-358,LOW,Inner,2BR-B,30.6,Fresh,INNER BLDG
K,361,K-361,LOW,Inner,2BR-B,30.6,Fresh,INNER BLDG
K,364,K-364,LOW,Inner,2BR-B,30.6,Fresh,INNER BLDG
K,402,K-402,LOW,Outer,2BR-B,30.6,Fresh,BLDG L
K,403,K-403,LOW,Outer,2BR-B,30.6,Fresh,BLDG L
K,404,K-404,LOW,Outer,2BR-B,30.6,Fresh,BLDG L
K,405,K-405,LOW,Outer,2BR-B,30.6,Fresh,BLDG L
K,406,K-406,LOW,Outer,2BR-B,30.6,Fresh,BLDG L
K,407,K-407,LOW,Outer,2BR-B,30.6,Fresh,BLDG L
K,408,K-408,LOW,Outer,2BR-B,30.6,Fresh,BLDG L
K,409,K-409,LOW,Outer,2BR-B,30.6,Fresh,BLDG L
K,410,K-410,LOW,Outer,2BR-B,30.6,Fresh,BLDG L
K,425,K-425,LOW,Outer,2BR-B,30.6,Fresh,BLDG J
K,426,K-426,LOW,Outer,2BR-B,30.6,Fresh,BLDG J
K,427,K-427,LOW,Outer,2BR-B,30.6,Fresh,BLDG J
K,428,K-428,LOW,Outer,2BR-B,30.6,Fresh,BLDG J
K,429,K-429,LOW,Outer,2BR-B,30.6,Fresh,BLDG J
K,430,K-430,LOW,Outer,2BR-B,30.6,Fresh,BLDG J
K,431,K-431,LOW,Outer,2BR-B,30.6,Fresh,BLDG J
K,434,K-434,LOW,Outer,2BR-B,30.6,Fresh,BLDG C
K,435,K-435,LOW,Outer,2BR-B,30.6,Fresh,BLDG C
K,436,K-436,LOW,Outer,2BR-B,30.6,Fresh,BLDG C
K,437,K-437,LOW,Outer,2BR-B,30.6,Fresh,BLDG C
K,438,K-438,LOW,Outer,2BR-B,30.6,Fresh,BLDG C
K,439,K-439,LOW,Outer,2BR-B,30.6,Fresh,BLDG C
K,440,K-440,LOW,Outer,2BR-B,30.6,Fresh,BLDG C
K,441,K-441,LOW,Outer,2BR-B,30.6,Fresh,BLDG C
K,444,K-444,LOW,Inner,2BR-B,30.6,Fresh,INNER BLDG
K,445,K-445,LOW,Inner,2BR-B,30.6,Fresh,INNER BLDG
K,446,K-446,LOW,Inner,2BR-B,30.6,Fresh,INNER BLDG
K,447,K-447,LOW,Inner,2BR-B,30.6,Fresh,INNER BLDG
K,448,K-448,LOW,Inner,2BR-B,30.6,Fresh,INNER BLDG
K,450,K-450,LOW,Inner,2BR-B,30.6,Fresh,INNER BLDG
K,451,K-451,LOW,Inner,2BR-B,30.6,Fresh,INNER BLDG
K,452,K-452,LOW,Inner,2BR-B,30.6,Fresh,INNER BLDG
K,453,K-453,LOW,Inner,2BR-B,30.6,Fresh,INNER BLDG
K,455,K-455,LOW,Inner,2BR-B,30.6,Fresh,INNER BLDG
K,456,K-456,LOW,Inner,2BR-B,30.6,Fresh,INNER BLDG
K,457,K-457,LOW,Inner,2BR-B,30.6,Fresh,INNER BLDG
K,458,K-458,LOW,Inner,2BR-B,30.6,Fresh,INNER BLDG
K,459,K-459,LOW,Inner,2BR-B,30.6,Fresh,INNER BLDG
K,461,K-461,LOW,Inner,2BR-B,30.6,Fresh,INNER BLDG
K,463,K-463,LOW,Inner,2BR-B,30.6,Fresh,INNER BLDG
K,464,K-464,LOW,Inner,2BR-B,30.6,Fresh,INNER BLDG
K,502,K-502,LOW,Outer,2BR-B,30.6,Fresh,BLDG L
K,503,K-503,LOW,Outer,2BR-B,30.6,Fresh,BLDG L
K,504,K-504,LOW,Outer,2BR-B,30.6,Fresh,BLDG L
K,505,K-505,LOW,Outer,2BR-B,30.6,Fresh,BLDG L
K,506,K-506,LOW,Outer,2BR-B,30.6,Fresh,BLDG L
K,507,K-507,LOW,Outer,2BR-B,30.6,Fresh,BLDG L
K,508,K-508,LOW,Outer,2BR-B,30.6,Fresh,BLDG L
K,509,K-509,LOW,Outer,2BR-B,30.6,Fresh,BLDG L
K,510,K-510,LOW,Outer,2BR-B,30.6,Fresh,BLDG L
K,525,K-525,LOW,Outer,2BR-B,30.6,Fresh,BLDG J
K,526,K-526,LOW,Outer,2BR-B,30.6,Fresh,BLDG J
K,527,K-527,LOW,Outer,2BR-B,30.6,Fresh,BLDG J
K,528,K-528,LOW,Outer,2BR-B,30.6,Fresh,BLDG J
K,529,K-529,LOW,Outer,2BR-B,30.6,Fresh,BLDG J
K,530,K-530,LOW,Outer,2BR-B,30.6,Fresh,BLDG J
K,531,K-531,LOW,Outer,2BR-B,30.6,Fresh,BLDG J
K,534,K-534,LOW,Outer,2BR-B,30.6,Fresh,BLDG C
K,538,K-538,LOW,Outer,2BR-B,30.6,Fresh,BLDG C
K,539,K-539,LOW,Outer,2BR-B,30.6,Fresh,BLDG C
K,540,K-540,LOW,Outer,2BR-B,30.6,Fresh,BLDG C
K,541,K-541,LOW,Outer,2BR-B,30.6,Fresh,BLDG C
K,544,K-544,LOW,Inner,2BR-B,30.6,Fresh,INNER BLDG
K,545,K-545,LOW,Inner,2BR-B,30.6,Fresh,INNER BLDG
K,547,K-547,LOW,Inner,2BR-B,30.6,Fresh,INNER BLDG
K,550,K-550,LOW,Inner,2BR-B,30.6,Fresh,INNER BLDG
K,552,K-552,LOW,Inner,2BR-B,30.6,Fresh,INNER BLDG
K,556,K-556,LOW,Inner,2BR-B,30.6,Fresh,INNER BLDG
K,557,K-557,LOW,Inner,2BR-B,30.6,Fresh,INNER BLDG
K,558,K-558,LOW,Inner,2BR-B,30.6,Fresh,INNER BLDG
K,561,K-561,LOW,Inner,2BR-B,30.6,Fresh,INNER BLDG
K,563,K-563,LOW,Inner,2BR-B,30.6,Fresh,INNER BLDG
K,564,K-564,LOW,Inner,2BR-B,30.6,Fresh,INNER BLDG
K,602,K-602,MID,Outer,2BR-B,30.6,Fresh,BLDG L
K,603,K-603,MID,Outer,2BR-B,30.6,Fresh,BLDG L
K,604,K-604,MID,Outer,2BR-B,30.6,Fresh,BLDG L
K,605,K-605,MID,Outer,2BR-B,30.6,Fresh,BLDG L
K,606,K-606,MID,Outer,2BR-B,30.6,Fresh,BLDG L
K,607,K-607,MID,Outer,2BR-B,30.6,Fresh,BLDG L
K,608,K-608,MID,Outer,2BR-B,30.6,Fresh,BLDG L
K,609,K-609,MID,Outer,2BR-B,30.6,Fresh,BLDG L
K,610,K-610,MID,Outer,2BR-B,30.6,Fresh,BLDG L
K,624,K-624,MID,Outer,2BR-B,30.6,Fresh,BLDG J
K,625,K-625,MID,Outer,2BR-B,30.6,Fresh,BLDG J
K,626,K-626,MID,Outer,2BR-B,30.6,Fresh,BLDG J
K,627,K-627,MID,Outer,2BR-B,30.6,Fresh,BLDG J
K,628,K-628,MID,Outer,2BR-B,30.6,Fresh,BLDG J
K,629,K-629,MID,Outer,2BR-B,30.6,Fresh,BLDG J
K,630,K-630,MID,Outer,2BR-B,30.6,Fresh,BLDG J
K,631,K-631,MID,Outer,2BR-B,30.6,Fresh,BLDG J
K,634,K-634,MID,Outer,2BR-B,30.6,Fresh,BLDG C
K,635,K-635,MID,Outer,2BR-B,30.6,Fresh,BLDG C
K,636,K-636,MID,Outer,2BR-B,30.6,Fresh,BLDG C
K,637,K-637,MID,Outer,2BR-B,30.6,Fresh,BLDG C
K,638,K-638,MID,Outer,2BR-B,30.6,Fresh,BLDG C
K,639,K-639,MID,Outer,2BR-B,30.6,Fresh,BLDG C
K,640,K-640,MID,Outer,2BR-B,30.6,Fresh,BLDG C
K,641,K-641,MID,Outer,2BR-B,30.6,Fresh,BLDG C
K,644,K-644,MID,Inner,2BR-B,30.6,Fresh,INNER BLDG
K,645,K-645,MID,Inner,2BR-B,30.6,Fresh,INNER BLDG
K,646,K-646,MID,Inner,2BR-B,30.6,Fresh,INNER BLDG
K,647,K-647,MID,Inner,2BR-B,30.6,Fresh,INNER BLDG
K,648,K-648,MID,Inner,2BR-B,30.6,Fresh,INNER BLDG
K,651,K-651,MID,Inner,2BR-B,30.6,Fresh,INNER BLDG
K,652,K-652,MID,Inner,2BR-B,30.6,Fresh,INNER BLDG
K,653,K-653,MID,Inner,2BR-B,30.6,Fresh,INNER BLDG
K,655,K-655,MID,Inner,2BR-B,30.6,Fresh,INNER BLDG
K,656,K-656,MID,Inner,2BR-B,30.6,Fresh,INNER BLDG
K,657,K-657,MID,Inner,2BR-B,30.6,Fresh,INNER BLDG
K,658,K-658,MID,Inner,2BR-B,30.6,Fresh,INNER BLDG
K,659,K-659,MID,Inner,2BR-B,30.6,Fresh,INNER BLDG
K,661,K-661,MID,Inner,2BR-B,30.6,Fresh,INNER BLDG
K,662,K-662,MID,Inner,2BR-B,30.6,Fresh,INNER BLDG
K,663,K-663,MID,Inner,2BR-B,30.6,Fresh,INNER BLDG
K,664,K-664,MID,Inner,2BR-B,30.6,Fresh,INNER BLDG
K,702,K-702,MID,Outer,2BR-B,30.6,Fresh,BLDG L
K,703,K-703,MID,Outer,2BR-B,30.6,Fresh,BLDG L
K,704,K-704,MID,Outer,2BR-B,30.6,Fresh,BLDG L
K,705,K-705,MID,Outer,2BR-B,30.6,Fresh,BLDG L
K,706,K-706,MID,Outer,2BR-B,30.6,Fresh,BLDG L
K,707,K-707,MID,Outer,2BR-B,30.6,Fresh,BLDG L
K,708,K-708,MID,Outer,2BR-B,30.6,Fresh,BLDG L
K,709,K-709,MID,Outer,2BR-B,30.6,Fresh,BLDG L
K,710,K-710,MID,Outer,2BR-B,30.6,Fresh,BLDG L
K,724,K-724,MID,Outer,2BR-B,30.6,Fresh,BLDG J
K,725,K-725,MID,Outer,2BR-B,30.6,Fresh,BLDG J
K,726,K-726,MID,Outer,2BR-B,30.6,Fresh,BLDG J
K,727,K-727,MID,Outer,2BR-B,30.6,Fresh,BLDG J
K,728,K-728,MID,Outer,2BR-B,30.6,Fresh,BLDG J
K,729,K-729,MID,Outer,2BR-B,30.6,Fresh,BLDG J
K,730,K-730,MID,Outer,2BR-B,30.6,Fresh,BLDG J
K,731,K-731,MID,Outer,2BR-B,30.6,Fresh,BLDG J
K,734,K-734,MID,Outer,2BR-B,30.6,Fresh,BLDG C
K,735,K-735,MID,Outer,2BR-B,30.6,Fresh,BLDG C
K,736,K-736,MID,Outer,2BR-B,30.6,Fresh,BLDG C
K,737,K-737,MID,Outer,2BR-B,30.6,Fresh,BLDG C
K,738,K-738,MID,Outer,2BR-B,30.6,Fresh,BLDG C
K,739,K-739,MID,Outer,2BR-B,30.6,Fresh,BLDG C
K,740,K-740,MID,Outer,2BR-B,30.6,Fresh,BLDG C
K,741,K-741,MID,Outer,2BR-B,30.6,Fresh,BLDG C
K,744,K-744,MID,Inner,2BR-B,30.6,Fresh,INNER BLDG
K,745,K-745,MID,Inner,2BR-B,30.6,Fresh,INNER BLDG
K,746,K-746,MID,Inner,2BR-B,30.6,Fresh,INNER BLDG
K,747,K-747,MID,Inner,2BR-B,30.6,Fresh,INNER BLDG
K,748,K-748,MID,Inner,2BR-B,30.6,Fresh,INNER BLDG
K,750,K-750,MID,Inner,2BR-B,30.6,Fresh,INNER BLDG
K,751,K-751,MID,Inner,2BR-B,30.6,Fresh,INNER BLDG
K,752,K-752,MID,Inner,2BR-B,30.6,Fresh,INNER BLDG
K,753,K-753,MID,Inner,2BR-B,30.6,Fresh,INNER BLDG
K,755,K-755,MID,Inner,2BR-B,30.6,Fresh,INNER BLDG
K,756,K-756,MID,Inner,2BR-B,30.6,Fresh,INNER BLDG
K,757,K-757,MID,Inner,2BR-B,30.6,Fresh,INNER BLDG
K,758,K-758,MID,Inner,2BR-B,30.6,Fresh,INNER BLDG
K,759,K-759,MID,Inner,2BR-B,30.6,Fresh,INNER BLDG
K,761,K-761,MID,Inner,2BR-B,30.6,Fresh,INNER BLDG
K,762,K-762,MID,Inner,2BR-B,30.6,Fresh,INNER BLDG
K,763,K-763,MID,Inner,2BR-B,30.6,Fresh,INNER BLDG
K,764,K-764,MID,Inner,2BR-B,30.6,Fresh,INNER BLDG
K,802,K-802,MID,Outer,2BR-B,30.6,Fresh,BLDG L
K,803,K-803,MID,Outer,2BR-B,30.6,Fresh,BLDG L
K,804,K-804,MID,Outer,2BR-B,30.6,Fresh,BLDG L
K,805,K-805,MID,Outer,2BR-B,30.6,Fresh,BLDG L
K,806,K-806,MID,Outer,2BR-B,30.6,Fresh,BLDG L
K,807,K-807,MID,Outer,2BR-B,30.6,Fresh,BLDG L
K,808,K-808,MID,Outer,2BR-B,30.6,Fresh,BLDG L
K,809,K-809,MID,Outer,2BR-B,30.6,Fresh,BLDG L
K,810,K-810,MID,Outer,2BR-B,30.6,Fresh,BLDG L
K,823,K-823,MID,Outer,2BR-B,30.6,Fresh,BLDG J
K,824,K-824,MID,Outer,2BR-B,30.6,Fresh,BLDG J
K,825,K-825,MID,Outer,2BR-B,30.6,Fresh,BLDG J
K,826,K-826,MID,Outer,2BR-B,30.6,Fresh,BLDG J
K,827,K-827,MID,Outer,2BR-B,30.6,Fresh,BLDG J
K,828,K-828,MID,Outer,2BR-B,30.6,Fresh,BLDG J
K,829,K-829,MID,Outer,2BR-B,30.6,Fresh,BLDG J
K,830,K-830,MID,Outer,2BR-B,30.6,Fresh,BLDG J
K,831,K-831,MID,Outer,2BR-B,30.6,Fresh,BLDG J
K,834,K-834,MID,Outer,2BR-B,30.6,Fresh,BLDG C
K,835,K-835,MID,Outer,2BR-B,30.6,Fresh,BLDG C
K,836,K-836,MID,Outer,2BR-B,30.6,Fresh,BLDG C
K,837,K-837,MID,Outer,2BR-B,30.6,Fresh,BLDG C
K,838,K-838,MID,Outer,2BR-B,30.6,Fresh,BLDG C
K,839,K-839,MID,Outer,2BR-B,30.6,Fresh,BLDG C
K,840,K-840,MID,Outer,2BR-B,30.6,Fresh,BLDG C
K,844,K-844,MID,Inner,2BR-B,30.6,Fresh,INNER BLDG
K,845,K-845,MID,Inner,2BR-B,30.6,Fresh,INNER BLDG
K,846,K-846,MID,Inner,2BR-B,30.6,Fresh,INNER BLDG
K,847,K-847,MID,Inner,2BR-B,30.6,Fresh,INNER BLDG
K,848,K-848,MID,Inner,2BR-B,30.6,Fresh,INNER BLDG
K,850,K-850,MID,Inner,2BR-B,30.6,Fresh,INNER BLDG
K,851,K-851,MID,Inner,2BR-B,30.6,Fresh,INNER BLDG
K,852,K-852,MID,Inner,2BR-B,30.6,Fresh,INNER BLDG
K,853,K-853,MID,Inner,2BR-B,30.6,Fresh,INNER BLDG
K,855,K-855,MID,Inner,2BR-B,30.6,Fresh,INNER BLDG
K,856,K-856,MID,Inner,2BR-B,30.6,Fresh,INNER BLDG
K,857,K-857,MID,Inner,2BR-B,30.6,Fresh,INNER BLDG
K,858,K-858,MID,Inner,2BR-B,30.6,Fresh,INNER BLDG
K,859,K-859,MID,Inner,2BR-B,30.6,Fresh,INNER BLDG
K,861,K-861,MID,Inner,2BR-B,30.6,Fresh,INNER BLDG
K,863,K-863,MID,Inner,2BR-B,30.6,Fresh,INNER BLDG
K,864,K-864,MID,Inner,2BR-B,30.6,Fresh,INNER BLDG
K,902,K-902,MID,Outer,2BR-B,30.6,Fresh,BLDG L
K,903,K-903,MID,Outer,2BR-B,30.6,Fresh,BLDG L
K,904,K-904,MID,Outer,2BR-B,30.6,Fresh,BLDG L
K,905,K-905,MID,Outer,2BR-B,30.6,Fresh,BLDG L
K,906,K-906,MID,Outer,2BR-B,30.6,Fresh,BLDG L
K,907,K-907,MID,Outer,2BR-B,30.6,Fresh,BLDG L
K,908,K-908,MID,Outer,2BR-B,30.6,Fresh,BLDG L
K,909,K-909,MID,Outer,2BR-B,30.6,Fresh,BLDG L
K,910,K-910,MID,Outer,2BR-B,30.6,Fresh,BLDG L
K,923,K-923,MID,Outer,2BR-B,30.6,Fresh,BLDG J
K,924,K-924,MID,Outer,2BR-B,30.6,Fresh,BLDG J
K,925,K-925,MID,Outer,2BR-B,30.6,Fresh,BLDG J
K,926,K-926,MID,Outer,2BR-B,30.6,Fresh,BLDG J
K,927,K-927,MID,Outer,2BR-B,30.6,Fresh,BLDG J
K,928,K-928,MID,Outer,2BR-B,30.6,Fresh,BLDG J
K,929,K-929,MID,Outer,2BR-B,30.6,Fresh,BLDG J
K,930,K-930,MID,Outer,2BR-B,30.6,Fresh,BLDG J
K,931,K-931,MID,Outer,2BR-B,30.6,Fresh,BLDG J
K,934,K-934,MID,Outer,2BR-B,30.6,Fresh,BLDG C
K,935,K-935,MID,Outer,2BR-B,30.6,Fresh,BLDG C
K,936,K-936,MID,Outer,2BR-B,30.6,Fresh,BLDG C
K,937,K-937,MID,Outer,2BR-B,30.6,Fresh,BLDG C
K,938,K-938,MID,Outer,2BR-B,30.6,Fresh,BLDG C
K,939,K-939,MID,Outer,2BR-B,30.6,Fresh,BLDG C
K,940,K-940,MID,Outer,2BR-B,30.6,Fresh,BLDG C
K,941,K-941,MID,Outer,2BR-B,30.6,Fresh,BLDG C
K,944,K-944,MID,Inner,2BR-B,30.6,Fresh,INNER BLDG
K,945,K-945,MID,Inner,2BR-B,30.6,Fresh,INNER BLDG
K,946,K-946,MID,Inner,2BR-B,30.6,Fresh,INNER BLDG
K,947,K-947,MID,Inner,2BR-B,30.6,Fresh,INNER BLDG
K,948,K-948,MID,Inner,2BR-B,30.6,Fresh,INNER BLDG
K,950,K-950,MID,Inner,2BR-B,30.6,Fresh,INNER BLDG
K,951,K-951,MID,Inner,2BR-B,30.6,Fresh,INNER BLDG
K,953,K-953,MID,Inner,2BR-B,30.6,Fresh,INNER BLDG
K,955,K-955,MID,Inner,2BR-B,30.6,Fresh,INNER BLDG
K,956,K-956,MID,Inner,2BR-B,30.6,Fresh,INNER BLDG
K,957,K-957,MID,Inner,2BR-B,30.6,Fresh,INNER BLDG
K,958,K-958,MID,Inner,2BR-B,30.6,Fresh,INNER BLDG
K,959,K-959,MID,Inner,2BR-B,30.6,Fresh,INNER BLDG
K,961,K-961,MID,Inner,2BR-B,30.6,Fresh,INNER BLDG
K,962,K-962,MID,Inner,2BR-B,30.6,Fresh,INNER BLDG
K,963,K-963,MID,Inner,2BR-B,30.6,Fresh,INNER BLDG
K,964,K-964,MID,Inner,2BR-B,30.6,Fresh,INNER BLDG
K,1002,K-1002,MID,Outer,2BR-B,30.6,Fresh,BLDG L
K,1003,K-1003,MID,Outer,2BR-B,30.6,Fresh,BLDG L
K,1004,K-1004,MID,Outer,2BR-B,30.6,Fresh,BLDG L
K,1005,K-1005,MID,Outer,2BR-B,30.6,Fresh,BLDG L
K,1006,K-1006,MID,Outer,2BR-B,30.6,Fresh,BLDG L
K,1007,K-1007,MID,Outer,2BR-B,30.6,Fresh,BLDG L
K,1009,K-1009,MID,Outer,2BR-B,30.6,Fresh,BLDG L
K,1010,K-1010,MID,Outer,2BR-B,30.6,Fresh,BLDG L
K,1025,K-1025,MID,Outer,2BR-B,30.6,Fresh,BLDG J
K,1026,K-1026,MID,Outer,2BR-B,30.6,Fresh,BLDG J
K,1027,K-1027,MID,Outer,2BR-B,30.6,Fresh,BLDG J
K,1028,K-1028,MID,Outer,2BR-B,30.6,Fresh,BLDG J
K,1029,K-1029,MID,Outer,2BR-B,30.6,Fresh,BLDG J
K,1030,K-1030,MID,Outer,2BR-B,30.6,Fresh,BLDG J
K,1031,K-1031,MID,Outer,2BR-B,30.6,Fresh,BLDG J
K,1034,K-1034,MID,Outer,2BR-B,30.6,Fresh,BLDG C
K,1035,K-1035,MID,Outer,2BR-B,30.6,Fresh,BLDG C
K,1036,K-1036,MID,Outer,2BR-B,30.6,Fresh,BLDG C
K,1037,K-1037,MID,Outer,2BR-B,30.6,Fresh,BLDG C
K,1038,K-1038,MID,Outer,2BR-B,30.6,Fresh,BLDG C
K,1039,K-1039,MID,Outer,2BR-B,30.6,Fresh,BLDG C
K,1041,K-1041,MID,Outer,2BR-B,30.6,Fresh,BLDG C
K,1044,K-1044,MID,Inner,2BR-B,30.6,Fresh,INNER BLDG
K,1045,K-1045,MID,Inner,2BR-B,30.6,Fresh,INNER BLDG
K,1046,K-1046,MID,Inner,2BR-B,30.6,Fresh,INNER BLDG
K,1047,K-1047,MID,Inner,2BR-B,30.6,Fresh,INNER BLDG
K,1048,K-1048,MID,Inner,2BR-B,30.6,Fresh,INNER BLDG
K,1050,K-1050,MID,Inner,2BR-B,30.6,Fresh,INNER BLDG
K,1051,K-1051,MID,Inner,2BR-B,30.6,Fresh,INNER BLDG
K,1052,K-1052,MID,Inner,2BR-B,30.6,Fresh,INNER BLDG
K,1053,K-1053,MID,Inner,2BR-B,30.6,Fresh,INNER BLDG
K,1055,K-1055,MID,Inner,2BR-B,30.6,Fresh,INNER BLDG
K,1056,K-1056,MID,Inner,2BR-B,30.6,Fresh,INNER BLDG
K,1057,K-1057,MID,Inner,2BR-B,30.6,Fresh,INNER BLDG
K,1058,K-1058,MID,Inner,2BR-B,30.6,Fresh,INNER BLDG
K,1059,K-1059,MID,Inner,2BR-B,30.6,Fresh,INNER BLDG
K,1061,K-1061,MID,Inner,2BR-B,30.6,Fresh,INNER BLDG
K,1062,K-1062,MID,Inner,2BR-B,30.6,Fresh,INNER BLDG
K,1063,K-1063,MID,Inner,2BR-B,30.6,Fresh,INNER BLDG
K,1064,K-1064,MID,Inner,2BR-B,30.6,Fresh,INNER BLDG
K,1102,K-1102,HIGH,Outer,2BR-B,30.6,Fresh,BLDG L
K,1103,K-1103,HIGH,Outer,2BR-B,30.6,Fresh,BLDG L
K,1104,K-1104,HIGH,Outer,2BR-B,30.6,Fresh,BLDG L
K,1105,K-1105,HIGH,Outer,2BR-B,30.6,Fresh,BLDG L
K,1106,K-1106,HIGH,Outer,2BR-B,30.6,Fresh,BLDG L
K,1107,K-1107,HIGH,Outer,2BR-B,30.6,Fresh,BLDG L
K,1108,K-1108,HIGH,Outer,2BR-B,30.6,Fresh,BLDG L
K,1109,K-1109,HIGH,Outer,2BR-B,30.6,Fresh,BLDG L
K,1110,K-1110,HIGH,Outer,2BR-B,30.6,Fresh,BLDG L
K,1124,K-1124,HIGH,Outer,2BR-B,30.6,Fresh,BLDG J
K,1125,K-1125,HIGH,Outer,2BR-B,30.6,Fresh,BLDG J
K,1126,K-1126,HIGH,Outer,2BR-B,30.6,Fresh,BLDG J
K,1127,K-1127,HIGH,Outer,2BR-B,30.6,Fresh,BLDG J
K,1128,K-1128,HIGH,Outer,2BR-B,30.6,Fresh,BLDG J
K,1129,K-1129,HIGH,Outer,2BR-B,30.6,Fresh,BLDG J
K,1130,K-1130,HIGH,Outer,2BR-B,30.6,Fresh,BLDG J
K,1131,K-1131,HIGH,Outer,2BR-B,30.6,Fresh,BLDG J
K,1134,K-1134,HIGH,Outer,2BR-B,30.6,Fresh,BLDG C
K,1135,K-1135,HIGH,Outer,2BR-B,30.6,Fresh,BLDG C
K,1136,K-1136,HIGH,Outer,2BR-B,30.6,Fresh,BLDG C
K,1137,K-1137,HIGH,Outer,2BR-B,30.6,Fresh,BLDG C
K,1138,K-1138,HIGH,Outer,2BR-B,30.6,Fresh,BLDG C
K,1139,K-1139,HIGH,Outer,2BR-B,30.6,Fresh,BLDG C
K,1144,K-1144,HIGH,Inner,2BR-B,30.6,Fresh,INNER BLDG
K,1145,K-1145,HIGH,Inner,2BR-B,30.6,Fresh,INNER BLDG
K,1146,K-1146,HIGH,Inner,2BR-B,30.6,Fresh,INNER BLDG
K,1147,K-1147,HIGH,Inner,2BR-B,30.6,Fresh,INNER BLDG
K,1148,K-1148,HIGH,Inner,2BR-B,30.6,Fresh,INNER BLDG
K,1150,K-1150,HIGH,Inner,2BR-B,30.6,Fresh,INNER BLDG
K,1152,K-1152,HIGH,Inner,2BR-B,30.6,Fresh,INNER BLDG
K,1153,K-1153,HIGH,Inner,2BR-B,30.6,Fresh,INNER BLDG
K,1155,K-1155,HIGH,Inner,2BR-B,30.6,Fresh,INNER BLDG
K,1156,K-1156,HIGH,Inner,2BR-B,30.6,Fresh,INNER BLDG
K,1157,K-1157,HIGH,Inner,2BR-B,30.6,Fresh,INNER BLDG
K,1158,K-1158,HIGH,Inner,2BR-B,30.6,Fresh,INNER BLDG
K,1159,K-1159,HIGH,Inner,2BR-B,30.6,Fresh,INNER BLDG
K,1161,K-1161,HIGH,Inner,2BR-B,30.6,Fresh,INNER BLDG
K,1162,K-1162,HIGH,Inner,2BR-B,30.6,Fresh,INNER BLDG
K,1163,K-1163,HIGH,Inner,2BR-B,30.6,Fresh,INNER BLDG
K,1164,K-1164,HIGH,Inner,2BR-B,30.6,Fresh,INNER BLDG
K,1203,K-1203,HIGH,Outer,2BR-B,30.6,Fresh,BLDG L
K,1204,K-1204,HIGH,Outer,2BR-B,30.6,Fresh,BLDG L
K,1205,K-1205,HIGH,Outer,2BR-B,30.6,Fresh,BLDG L
K,1206,K-1206,HIGH,Outer,2BR-B,30.6,Fresh,BLDG L
K,1207,K-1207,HIGH,Outer,2BR-B,30.6,Fresh,BLDG L
K,1208,K-1208,HIGH,Outer,2BR-B,30.6,Fresh,BLDG L
K,1209,K-1209,HIGH,Outer,2BR-B,30.6,Fresh,BLDG L
K,1210,K-1210,HIGH,Outer,2BR-B,30.6,Fresh,BLDG L
K,1224,K-1224,HIGH,Outer,2BR-B,30.6,Fresh,BLDG J
K,1225,K-1225,HIGH,Outer,2BR-B,30.6,Fresh,BLDG J
K,1227,K-1227,HIGH,Outer,2BR-B,30.6,Fresh,BLDG J
K,1228,K-1228,HIGH,Outer,2BR-B,30.6,Fresh,BLDG J
K,1229,K-1229,HIGH,Outer,2BR-B,30.6,Fresh,BLDG J
K,1230,K-1230,HIGH,Outer,2BR-B,30.6,Fresh,BLDG J
K,1231,K-1231,HIGH,Outer,2BR-B,30.6,Fresh,BLDG J
K,1234,K-1234,HIGH,Outer,2BR-B,30.6,Fresh,BLDG C
K,1235,K-1235,HIGH,Outer,2BR-B,30.6,Fresh,BLDG C
K,1236,K-1236,HIGH,Outer,2BR-B,30.6,Fresh,BLDG C
K,1237,K-1237,HIGH,Outer,2BR-B,30.6,Fresh,BLDG C
K,1238,K-1238,HIGH,Outer,2BR-B,30.6,Fresh,BLDG C
K,1239,K-1239,HIGH,Outer,2BR-B,30.6,Fresh,BLDG C
K,1244,K-1244,HIGH,Inner,2BR-B,30.6,Fresh,INNER BLDG
K,1245,K-1245,HIGH,Inner,2BR-B,30.6,Fresh,INNER BLDG
K,1246,K-1246,HIGH,Inner,2BR-B,30.6,Fresh,INNER BLDG
K,1247,K-1247,HIGH,Inner,2BR-B,30.6,Fresh,INNER BLDG
K,1248,K-1248,HIGH,Inner,2BR-B,30.6,Fresh,INNER BLDG
K,1250,K-1250,HIGH,Inner,2BR-B,30.6,Fresh,INNER BLDG
K,1251,K-1251,HIGH,Inner,2BR-B,30.6,Fresh,INNER BLDG
K,1252,K-1252,HIGH,Inner,2BR-B,30.6,Fresh,INNER BLDG
K,1253,K-1253,HIGH,Inner,2BR-B,30.6,Fresh,INNER BLDG
K,1255,K-1255,HIGH,Inner,2BR-B,30.6,Fresh,INNER BLDG
K,1256,K-1256,HIGH,Inner,2BR-B,30.6,Fresh,INNER BLDG
K,1257,K-1257,HIGH,Inner,2BR-B,30.6,Fresh,INNER BLDG
K,1258,K-1258,HIGH,Inner,2BR-B,30.6,Fresh,INNER BLDG
K,1259,K-1259,HIGH,Inner,2BR-B,30.6,Fresh,INNER BLDG
K,1261,K-1261,HIGH,Inner,2BR-B,30.6,Fresh,INNER BLDG
K,1262,K-1262,HIGH,Inner,2BR-B,30.6,Fresh,INNER BLDG
K,1263,K-1263,HIGH,Inner,2BR-B,30.6,Fresh,INNER BLDG
K,1402,K-1402,HIGH,Outer,2BR-B,30.6,Fresh,BLDG L
K,1403,K-1403,HIGH,Outer,2BR-B,30.6,Fresh,BLDG L
K,1404,K-1404,HIGH,Outer,2BR-B,30.6,Fresh,BLDG L
K,1405,K-1405,HIGH,Outer,2BR-B,30.6,Fresh,BLDG L
K,1406,K-1406,HIGH,Outer,2BR-B,30.6,Fresh,BLDG L
K,1407,K-1407,HIGH,Outer,2BR-B,30.6,Fresh,BLDG L
K,1408,K-1408,HIGH,Outer,2BR-B,30.6,Fresh,BLDG L
K,1409,K-1409,HIGH,Outer,2BR-B,30.6,Fresh,BLDG L
K,1410,K-1410,HIGH,Outer,2BR-B,30.6,Fresh,BLDG L
K,1423,K-1423,HIGH,Outer,2BR-B,30.6,Fresh,BLDG J
K,1424,K-1424,HIGH,Outer,2BR-B,30.6,Fresh,BLDG J
K,1425,K-1425,HIGH,Outer,2BR-B,30.6,Fresh,BLDG J
K,1426,K-1426,HIGH,Outer,2BR-B,30.6,Fresh,BLDG J
K,1427,K-1427,HIGH,Outer,2BR-B,30.6,Fresh,BLDG J
K,1428,K-1428,HIGH,Outer,2BR-B,30.6,Fresh,BLDG J
K,1429,K-1429,HIGH,Outer,2BR-B,30.6,Fresh,BLDG J
K,1430,K-1430,HIGH,Outer,2BR-B,30.6,Fresh,BLDG J
K,1431,K-1431,HIGH,Outer,2BR-B,30.6,Fresh,BLDG J
K,1434,K-1434,HIGH,Outer,2BR-B,30.6,Fresh,BLDG C
K,1435,K-1435,HIGH,Outer,2BR-B,30.6,Fresh,BLDG C
K,1436,K-1436,HIGH,Outer,2BR-B,30.6,Fresh,BLDG C
K,1437,K-1437,HIGH,Outer,2BR-B,30.6,Fresh,BLDG C
K,1438,K-1438,HIGH,Outer,2BR-B,30.6,Fresh,BLDG C
K,1444,K-1444,HIGH,Inner,2BR-B,30.6,Fresh,INNER BLDG
K,1445,K-1445,HIGH,Inner,2BR-B,30.6,Fresh,INNER BLDG
K,1446,K-1446,HIGH,Inner,2BR-B,30.6,Fresh,INNER BLDG
K,1447,K-1447,HIGH,Inner,2BR-B,30.6,Fresh,INNER BLDG
K,1448,K-1448,HIGH,Inner,2BR-B,30.6,Fresh,INNER BLDG
K,1450,K-1450,HIGH,Inner,2BR-B,30.6,Fresh,INNER BLDG
K,1451,K-1451,HIGH,Inner,2BR-B,30.6,Fresh,INNER BLDG
K,1452,K-1452,HIGH,Inner,2BR-B,30.6,Fresh,INNER BLDG
K,1453,K-1453,HIGH,Inner,2BR-B,30.6,Fresh,INNER BLDG
K,1455,K-1455,HIGH,Inner,2BR-B,30.6,Fresh,INNER BLDG
K,1456,K-1456,HIGH,Inner,2BR-B,30.6,Fresh,INNER BLDG
K,1457,K-1457,HIGH,Inner,2BR-B,30.6,Fresh,INNER BLDG
K,1458,K-1458,HIGH,Inner,2BR-B,30.6,Fresh,INNER BLDG
K,1459,K-1459,HIGH,Inner,2BR-B,30.6,Fresh,INNER BLDG
K,1461,K-1461,HIGH,Inner,2BR-B,30.6,Fresh,INNER BLDG
K,1462,K-1462,HIGH,Inner,2BR-B,30.6,Fresh,INNER BLDG
K,1463,K-1463,HIGH,Inner,2BR-B,30.6,Fresh,INNER BLDG
K,1464,K-1464,HIGH,Inner,2BR-B,30.6,Fresh,INNER BLDG
K,1502,K-1502,HIGH,Outer,2BR-B,30.6,Fresh,BLDG L
K,1503,K-1503,HIGH,Outer,2BR-B,30.6,Fresh,BLDG L
K,1504,K-1504,HIGH,Outer,2BR-B,30.6,Fresh,BLDG L
K,1505,K-1505,HIGH,Outer,2BR-B,30.6,Fresh,BLDG L
K,1506,K-1506,HIGH,Outer,2BR-B,30.6,Fresh,BLDG L
K,1507,K-1507,HIGH,Outer,2BR-B,30.6,Fresh,BLDG L
K,1508,K-1508,HIGH,Outer,2BR-B,30.6,Fresh,BLDG L
K,1509,K-1509,HIGH,Outer,2BR-B,30.6,Fresh,BLDG L
K,1510,K-1510,HIGH,Outer,2BR-B,30.6,Fresh,BLDG L
K,1523,K-1523,HIGH,Outer,2BR-B,30.6,Fresh,BLDG J
K,1525,K-1525,HIGH,Outer,2BR-B,30.6,Fresh,BLDG J
K,1526,K-1526,HIGH,Outer,2BR-B,30.6,Fresh,BLDG J
K,1527,K-1527,HIGH,Outer,2BR-B,30.6,Fresh,BLDG J
K,1528,K-1528,HIGH,Outer,2BR-B,30.6,Fresh,BLDG J
K,1529,K-1529,HIGH,Outer,2BR-B,30.6,Fresh,BLDG J
K,1530,K-1530,HIGH,Outer,2BR-B,30.6,Fresh,BLDG J
K,1531,K-1531,HIGH,Outer,2BR-B,30.6,Fresh,BLDG J
K,1534,K-1534,HIGH,Outer,2BR-B,30.6,Fresh,BLDG C
K,1535,K-1535,HIGH,Outer,2BR-B,30.6,Fresh,BLDG C
K,1536,K-1536,HIGH,Outer,2BR-B,30.6,Fresh,BLDG C
K,1537,K-1537,HIGH,Outer,2BR-B,30.6,Fresh,BLDG C
K,1539,K-1539,HIGH,Outer,2BR-B,30.6,Fresh,BLDG C
K,1544,K-1544,HIGH,Inner,2BR-B,30.6,Fresh,INNER BLDG
K,1545,K-1545,HIGH,Inner,2BR-B,30.6,Fresh,INNER BLDG
K,1546,K-1546,HIGH,Inner,2BR-B,30.6,Fresh,INNER BLDG
K,1547,K-1547,HIGH,Inner,2BR-B,30.6,Fresh,INNER BLDG
K,1548,K-1548,HIGH,Inner,2BR-B,30.6,Fresh,INNER BLDG
K,1550,K-1550,HIGH,Inner,2BR-B,30.6,Fresh,INNER BLDG
K,1551,K-1551,HIGH,Inner,2BR-B,30.6,Fresh,INNER BLDG
K,1552,K-1552,HIGH,Inner,2BR-B,30.6,Fresh,INNER BLDG
K,1553,K-1553,HIGH,Inner,2BR-B,30.6,Fresh,INNER BLDG
K,1555,K-1555,HIGH,Inner,2BR-B,30.6,Fresh,INNER BLDG
K,1556,K-1556,HIGH,Inner,2BR-B,30.6,Fresh,INNER BLDG
K,1557,K-1557,HIGH,Inner,2BR-B,30.6,Fresh,INNER BLDG
K,1558,K-1558,HIGH,Inner,2BR-B,30.6,Fresh,INNER BLDG
K,1559,K-1559,HIGH,Inner,2BR-B,30.6,Fresh,INNER BLDG
K,1561,K-1561,HIGH,Inner,2BR-B,30.6,Fresh,INNER BLDG
K,1562,K-1562,HIGH,Inner,2BR-B,30.6,Fresh,INNER BLDG
K,1563,K-1563,HIGH,Inner,2BR-B,30.6,Fresh,INNER BLDG
K,1564,K-1564,HIGH,Inner,2BR-B,30.6,Fresh,INNER BLDG
K,1602,K-1602,HIGH,Outer,2BR-B,30.6,Fresh,BLDG L
K,1603,K-1603,HIGH,Outer,2BR-B,30.6,Fresh,BLDG L
K,1604,K-1604,HIGH,Outer,2BR-B,30.6,Fresh,BLDG L
K,1605,K-1605,HIGH,Outer,2BR-B,30.6,Fresh,BLDG L
K,1606,K-1606,HIGH,Outer,2BR-B,30.6,Fresh,BLDG L
K,1607,K-1607,HIGH,Outer,2BR-B,30.6,Fresh,BLDG L
K,1608,K-1608,HIGH,Outer,2BR-B,30.6,Fresh,BLDG L
K,1609,K-1609,HIGH,Outer,2BR-B,30.6,Fresh,BLDG L
K,1610,K-1610,HIGH,Outer,2BR-B,30.6,Fresh,BLDG L
K,1623,K-1623,HIGH,Outer,2BR-B,30.6,Fresh,BLDG J
K,1624,K-1624,HIGH,Outer,2BR-B,30.6,Fresh,BLDG J
K,1625,K-1625,HIGH,Outer,2BR-B,30.6,Fresh,BLDG J
K,1626,K-1626,HIGH,Outer,2BR-B,30.6,Fresh,BLDG J
K,1627,K-1627,HIGH,Outer,2BR-B,30.6,Fresh,BLDG J
K,1628,K-1628,HIGH,Outer,2BR-B,30.6,Fresh,BLDG J
K,1629,K-1629,HIGH,Outer,2BR-B,30.6,Fresh,BLDG J
K,1630,K-1630,HIGH,Outer,2BR-B,30.6,Fresh,BLDG J
K,1631,K-1631,HIGH,Outer,2BR-B,30.6,Fresh,BLDG J
K,1634,K-1634,HIGH,Outer,2BR-B,30.6,Fresh,BLDG C
K,1635,K-1635,HIGH,Outer,2BR-B,30.6,Fresh,BLDG C
K,1636,K-1636,HIGH,Outer,2BR-B,30.6,Fresh,BLDG C
K,1637,K-1637,HIGH,Outer,2BR-B,30.6,Fresh,BLDG C
K,1638,K-1638,HIGH,Outer,2BR-B,30.6,Fresh,BLDG C
K,1644,K-1644,HIGH,Inner,2BR-B,30.6,Fresh,INNER BLDG
K,1645,K-1645,HIGH,Inner,2BR-B,30.6,Fresh,INNER BLDG
K,1646,K-1646,HIGH,Inner,2BR-B,30.6,Fresh,INNER BLDG
K,1647,K-1647,HIGH,Inner,2BR-B,30.6,Fresh,INNER BLDG
K,1648,K-1648,HIGH,Inner,2BR-B,30.6,Fresh,INNER BLDG
K,1650,K-1650,HIGH,Inner,2BR-B,30.6,Fresh,INNER BLDG
K,1651,K-1651,HIGH,Inner,2BR-B,30.6,Fresh,INNER BLDG
K,1652,K-1652,HIGH,Inner,2BR-B,30.6,Fresh,INNER BLDG
K,1653,K-1653,HIGH,Inner,2BR-B,30.6,Fresh,INNER BLDG
K,1654,K-1654,HIGH,Inner,2BR-C,35.57,Fresh,INNER BLDG
K,1655,K-1655,HIGH,Inner,2BR-B,30.6,Fresh,INNER BLDG
K,1656,K-1656,HIGH,Inner,2BR-B,30.6,Fresh,INNER BLDG
K,1657,K-1657,HIGH,Inner,2BR-B,30.6,Fresh,INNER BLDG
K,1658,K-1658,HIGH,Inner,2BR-B,30.6,Fresh,INNER BLDG
K,1659,K-1659,HIGH,Inner,2BR-B,30.6,Fresh,INNER BLDG
K,1661,K-1661,HIGH,Inner,2BR-B,30.6,Fresh,INNER BLDG
K,1662,K-1662,HIGH,Inner,2BR-B,30.6,Fresh,INNER BLDG
K,1663,K-1663,HIGH,Inner,2BR-B,30.6,Fresh,INNER BLDG
K,1664,K-1664,HIGH,Inner,2BR-B,30.6,Fresh,INNER BLDG
K,1702,K-1702,HIGH,Outer,2BR-B,30.6,Fresh,BLDG L
K,1703,K-1703,HIGH,Outer,2BR-B,30.6,Fresh,BLDG L
K,1704,K-1704,HIGH,Outer,2BR-B,30.6,Fresh,BLDG L
K,1705,K-1705,HIGH,Outer,2BR-B,30.6,Fresh,BLDG L
K,1706,K-1706,HIGH,Outer,2BR-B,30.6,Fresh,BLDG L
K,1707,K-1707,HIGH,Outer,2BR-B,30.6,Fresh,BLDG L
K,1708,K-1708,HIGH,Outer,2BR-B,30.6,Fresh,BLDG L
K,1709,K-1709,HIGH,Outer,2BR-B,30.6,Fresh,BLDG L
K,1710,K-1710,HIGH,Outer,2BR-B,30.6,Fresh,BLDG L
K,1723,K-1723,HIGH,Outer,2BR-B,30.6,Fresh,BLDG J
K,1724,K-1724,HIGH,Outer,2BR-B,30.6,Fresh,BLDG J
K,1725,K-1725,HIGH,Outer,2BR-B,30.6,Fresh,BLDG J
K,1726,K-1726,HIGH,Outer,2BR-B,30.6,Fresh,BLDG J
K,1727,K-1727,HIGH,Outer,2BR-B,30.6,Fresh,BLDG J
K,1728,K-1728,HIGH,Outer,2BR-B,30.6,Fresh,BLDG J
K,1729,K-1729,HIGH,Outer,2BR-B,30.6,Fresh,BLDG J
K,1730,K-1730,HIGH,Outer,2BR-B,30.6,Fresh,BLDG J
K,1731,K-1731,HIGH,Outer,2BR-B,30.6,Fresh,BLDG J
K,1735,K-1735,HIGH,Outer,2BR-B,30.6,Fresh,BLDG C
K,1736,K-1736,HIGH,Outer,2BR-B,30.6,Fresh,BLDG C
K,1738,K-1738,HIGH,Outer,2BR-B,30.6,Fresh,BLDG C
K,1744,K-1744,HIGH,Inner,2BR-B,30.6,Fresh,INNER BLDG
K,1745,K-1745,HIGH,Inner,2BR-B,30.6,Fresh,INNER BLDG
K,1746,K-1746,HIGH,Inner,2BR-B,30.6,Fresh,INNER BLDG
K,1747,K-1747,HIGH,Inner,2BR-B,30.6,Fresh,INNER BLDG
K,1748,K-1748,HIGH,Inner,2BR-B,30.6,Fresh,INNER BLDG
K,1750,K-1750,HIGH,Inner,2BR-B,30.6,Fresh,INNER BLDG
K,1751,K-1751,HIGH,Inner,2BR-B,30.6,Fresh,INNER BLDG
K,1752,K-1752,HIGH,Inner,2BR-B,30.6,Fresh,INNER BLDG
K,1753,K-1753,HIGH,Inner,2BR-B,30.6,Fresh,INNER BLDG
K,1755,K-1755,HIGH,Inner,2BR-B,30.6,Fresh,INNER BLDG
K,1756,K-1756,HIGH,Inner,2BR-B,30.6,Fresh,INNER BLDG
K,1757,K-1757,HIGH,Inner,2BR-B,30.6,Fresh,INNER BLDG
K,1758,K-1758,HIGH,Inner,2BR-B,30.6,Fresh,INNER BLDG
K,1759,K-1759,HIGH,Inner,2BR-B,30.6,Fresh,INNER BLDG
K,1761,K-1761,HIGH,Inner,2BR-B,30.6,Fresh,INNER BLDG
K,1762,K-1762,HIGH,Inner,2BR-B,30.6,Fresh,INNER BLDG
K,1763,K-1763,HIGH,Inner,2BR-B,30.6,Fresh,INNER BLDG
K,1764,K-1764,HIGH,Inner,2BR-B,30.6,Fresh,INNER BLDG
L,214,L-214,LOW,Outer,2BR-B,30.6,Fresh,BLDG M
L,215,L-215,LOW,Outer,2BR-B,30.6,Fresh,BLDG M
L,223,L-223,LOW,Outer,2BR-B,30.6,Fresh,BLDG K
L,224,L-224,LOW,Outer,2BR-B,30.6,Fresh,BLDG K
L,225,L-225,LOW,Outer,2BR-B,30.6,Fresh,BLDG K
L,226,L-226,LOW,Outer,2BR-B,30.6,Fresh,BLDG K
L,227,L-227,LOW,Outer,2BR-B,30.6,Fresh,BLDG K
L,228,L-228,LOW,Outer,2BR-B,30.6,Fresh,BLDG K
L,229,L-229,LOW,Outer,2BR-B,30.6,Fresh,BLDG K
L,230,L-230,LOW,Outer,2BR-B,30.6,Fresh,BLDG K
L,231,L-231,LOW,Outer,2BR-B,30.6,Fresh,BLDG K
L,234,L-234,LOW,Outer,2BR-B,30.6,Fresh,PASIG
L,235,L-235,LOW,Outer,2BR-B,30.6,Fresh,PASIG
L,236,L-236,LOW,Outer,2BR-B,30.6,Fresh,PASIG
L,237,L-237,LOW,Outer,2BR-B,30.6,Fresh,PASIG
L,238,L-238,LOW,Outer,2BR-B,30.6,Fresh,PASIG
L,239,L-239,LOW,Outer,2BR-B,30.6,Fresh,PASIG
L,240,L-240,LOW,Outer,2BR-B,30.6,Fresh,PASIG
L,241,L-241,LOW,Outer,2BR-B,30.6,Fresh,PASIG
L,244,L-244,LOW,Inner,2BR-B,30.6,RESALE,INNER BLDG
L,247,L-247,LOW,Inner,2BR-B,30.6,Fresh,INNER BLDG
L,261,L-261,LOW,Inner,2BR-B,30.6,Fresh,INNER BLDG
L,317,L-317,LOW,Outer,2BR-B,30.6,Fresh,BLDG M
L,326,L-326,LOW,Outer,2BR-B,30.6,Fresh,BLDG K
L,327,L-327,LOW,Outer,2BR-B,30.6,Fresh,BLDG K
L,328,L-328,LOW,Outer,2BR-B,30.6,Fresh,BLDG K
L,329,L-329,LOW,Outer,2BR-B,30.6,Fresh,BLDG K
L,330,L-330,LOW,Outer,2BR-B,30.6,Fresh,BLDG K
L,335,L-335,LOW,Outer,2BR-B,30.6,Fresh,PASIG
L,336,L-336,LOW,Outer,2BR-B,30.6,Fresh,PASIG
L,337,L-337,LOW,Outer,2BR-B,30.6,Fresh,PASIG
L,338,L-338,LOW,Outer,2BR-B,30.6,Fresh,PASIG
L,339,L-339,LOW,Outer,2BR-B,30.6,Fresh,PASIG
L,340,L-340,LOW,Outer,2BR-B,30.6,Fresh,PASIG
L,406,L-406,LOW,Outer,2BR-B,30.6,RESALE,CIUDAD GRANDE
L,407,L-407,LOW,Outer,2BR-B,30.6,RESALE,CIUDAD GRANDE
L,413,L-413,LOW,Outer,2BR-B,30.6,Fresh,BLDG M
L,414,L-414,LOW,Outer,2BR-B,30.6,Fresh,BLDG M
L,415,L-415,LOW,Outer,2BR-B,30.6,Fresh,BLDG M
L,416,L-416,LOW,Outer,2BR-B,30.6,Fresh,BLDG M
L,417,L-417,LOW,Outer,2BR-B,30.6,Fresh,BLDG M
L,418,L-418,LOW,Outer,2BR-B,30.6,Fresh,BLDG M
L,424,L-424,LOW,Outer,2BR-B,30.6,Fresh,BLDG K
L,425,L-425,LOW,Outer,2BR-B,30.6,Fresh,BLDG K
L,426,L-426,LOW,Outer,2BR-B,30.6,Fresh,BLDG K
L,427,L-427,LOW,Outer,2BR-B,30.6,Fresh,BLDG K
L,428,L-428,LOW,Outer,2BR-B,30.6,Fresh,BLDG K
L,429,L-429,LOW,Outer,2BR-B,30.6,Fresh,BLDG K
L,430,L-430,LOW,Outer,2BR-B,30.6,Fresh,BLDG K
L,431,L-431,LOW,Outer,2BR-B,30.6,Fresh,BLDG K
L,434,L-434,LOW,Outer,2BR-B,30.6,Fresh,PASIG
L,435,L-435,LOW,Outer,2BR-B,30.6,Fresh,PASIG
L,436,L-436,LOW,Outer,2BR-B,30.6,Fresh,PASIG
L,437,L-437,LOW,Outer,2BR-B,30.6,Fresh,PASIG
L,438,L-438,LOW,Outer,2BR-B,30.6,Fresh,PASIG
L,439,L-439,LOW,Outer,2BR-B,30.6,Fresh,PASIG
L,445,L-445,LOW,Inner,2BR-B,30.6,Fresh,INNER BLDG
L,514,L-514,LOW,Outer,2BR-B,30.6,Fresh,BLDG M
L,515,L-515,LOW,Outer,2BR-B,30.6,Fresh,BLDG M
L,516,L-516,LOW,Outer,2BR-B,30.6,Fresh,BLDG M
L,518,L-518,LOW,Outer,2BR-B,30.6,Fresh,BLDG M
L,524,L-524,LOW,Outer,2BR-B,30.6,Fresh,BLDG K
L,526,L-526,LOW,Outer,2BR-B,30.6,Fresh,BLDG K
L,527,L-527,LOW,Outer,2BR-B,30.6,Fresh,BLDG K
L,530,L-530,LOW,Outer,2BR-B,30.6,Fresh,BLDG K
L,531,L-531,LOW,Outer,2BR-B,30.6,Fresh,BLDG K
L,552,L-552,LOW,Inner,2BR-B,30.6,Fresh,INNER BLDG
L,613,L-613,MID,Outer,2BR-B,30.6,Fresh,BLDG M
L,614,L-614,MID,Outer,2BR-B,30.6,Fresh,BLDG M
L,615,L-615,MID,Outer,2BR-B,30.6,Fresh,BLDG M
L,616,L-616,MID,Outer,2BR-B,30.6,Fresh,BLDG M
L,617,L-617,MID,Outer,2BR-B,30.6,Fresh,BLDG M
L,623,L-623,MID,Outer,2BR-B,30.6,Fresh,BLDG K
L,624,L-624,MID,Outer,2BR-B,30.6,Fresh,BLDG K
L,625,L-625,MID,Outer,2BR-B,30.6,Fresh,BLDG K
L,626,L-626,MID,Outer,2BR-B,30.6,Fresh,BLDG K
L,627,L-627,MID,Outer,2BR-B,30.6,Fresh,BLDG K
L,628,L-628,MID,Outer,2BR-B,30.6,Fresh,BLDG K
L,629,L-629,MID,Outer,2BR-B,30.6,Fresh,BLDG K
L,630,L-630,MID,Outer,2BR-B,30.6,Fresh,BLDG K
L,631,L-631,MID,Outer,2BR-B,30.6,Fresh,BLDG K
L,636,L-636,MID,Outer,2BR-B,30.6,RESALE,PASIG
L,637,L-637,MID,Outer,2BR-B,30.6,Fresh,PASIG
L,644,L-644,MID,Inner,2BR-B,30.6,Fresh,INNER BLDG
L,645,L-645,MID,Inner,2BR-B,30.6,Fresh,INNER BLDG
L,646,L-646,MID,Inner,2BR-B,30.6,Fresh,INNER BLDG
L,647,L-647,MID,Inner,2BR-B,30.6,Fresh,INNER BLDG
L,648,L-648,MID,Inner,2BR-B,30.6,Fresh,INNER BLDG
L,650,L-650,MID,Inner,2BR-B,30.6,Fresh,INNER BLDG
L,651,L-651,MID,Inner,2BR-B,30.6,Fresh,INNER BLDG
L,652,L-652,MID,Inner,2BR-B,30.6,Fresh,INNER BLDG
L,653,L-653,MID,Inner,2BR-B,30.6,Fresh,INNER BLDG
L,655,L-655,MID,Inner,2BR-B,30.6,Fresh,INNER BLDG
L,656,L-656,MID,Inner,2BR-B,30.6,Fresh,INNER BLDG
L,657,L-657,MID,Inner,2BR-B,30.6,Fresh,INNER BLDG
L,658,L-658,MID,Inner,2BR-B,30.6,Fresh,INNER BLDG
L,661,L-661,MID,Inner,2BR-B,30.6,Fresh,INNER BLDG
L,663,L-663,MID,Inner,2BR-B,30.6,Fresh,INNER BLDG
L,664,L-664,MID,Inner,2BR-B,30.6,Fresh,INNER BLDG
L,715,L-715,MID,Outer,2BR-B,30.6,Fresh,BLDG M
L,716,L-716,MID,Outer,2BR-B,30.6,Fresh,BLDG M
L,717,L-717,MID,Outer,2BR-B,30.6,Fresh,BLDG M
L,720,L-720,MID,Outer,2BR-B,30.6,Fresh,BLDG M
L,723,L-723,MID,Outer,2BR-B,30.6,Fresh,BLDG K
L,724,L-724,MID,Outer,2BR-B,30.6,Fresh,BLDG K
L,725,L-725,MID,Outer,2BR-B,30.6,Fresh,BLDG K
L,726,L-726,MID,Outer,2BR-B,30.6,Fresh,BLDG K
L,727,L-727,MID,Outer,2BR-B,30.6,Fresh,BLDG K
L,728,L-728,MID,Outer,2BR-B,30.6,Fresh,BLDG K
L,729,L-729,MID,Outer,2BR-B,30.6,Fresh,BLDG K
L,730,L-730,MID,Outer,2BR-B,30.6,Fresh,BLDG K
L,731,L-731,MID,Outer,2BR-B,30.6,Fresh,BLDG K
L,744,L-744,MID,Inner,2BR-B,30.6,Fresh,INNER BLDG
L,745,L-745,MID,Inner,2BR-B,30.6,Fresh,INNER BLDG
L,746,L-746,MID,Inner,2BR-B,30.6,Fresh,INNER BLDG
L,747,L-747,MID,Inner,2BR-B,30.6,Fresh,INNER BLDG
L,748,L-748,MID,Inner,2BR-B,30.6,Fresh,INNER BLDG
L,750,L-750,MID,Inner,2BR-B,30.6,Fresh,INNER BLDG
L,751,L-751,MID,Inner,2BR-B,30.6,Fresh,INNER BLDG
L,752,L-752,MID,Inner,2BR-B,30.6,Fresh,INNER BLDG
L,753,L-753,MID,Inner,2BR-B,30.6,Fresh,INNER BLDG
L,755,L-755,MID,Inner,2BR-B,30.6,Fresh,INNER BLDG
L,756,L-756,MID,Inner,2BR-B,30.6,Fresh,INNER BLDG
L,758,L-758,MID,Inner,2BR-B,30.6,Fresh,INNER BLDG
L,761,L-761,MID,Inner,2BR-B,30.6,Fresh,INNER BLDG
L,762,L-762,MID,Inner,2BR-B,30.6,Fresh,INNER BLDG
L,763,L-763,MID,Inner,2BR-B,30.6,Fresh,INNER BLDG
L,764,L-764,MID,Inner,2BR-B,30.6,Fresh,INNER BLDG
L,814,L-814,MID,Outer,2BR-B,30.6,Fresh,BLDG M
L,816,L-816,MID,Outer,2BR-B,30.6,Fresh,BLDG M
L,817,L-817,MID,Outer,2BR-B,30.6,Fresh,BLDG M
L,824,L-824,MID,Outer,2BR-B,30.6,Fresh,BLDG K
L,825,L-825,MID,Outer,2BR-B,30.6,Fresh,BLDG K
L,826,L-826,MID,Outer,2BR-B,30.6,Fresh,BLDG K
L,827,L-827,MID,Outer,2BR-B,30.6,Fresh,BLDG K
L,828,L-828,MID,Outer,2BR-B,30.6,Fresh,BLDG K
L,829,L-829,MID,Outer,2BR-B,30.6,Fresh,BLDG K
L,831,L-831,MID,Outer,2BR-B,30.6,Fresh,BLDG K
L,844,L-844,MID,Inner,2BR-B,30.6,Fresh,INNER BLDG
L,845,L-845,MID,Inner,2BR-B,30.6,Fresh,INNER BLDG
L,846,L-846,MID,Inner,2BR-B,30.6,Fresh,INNER BLDG
L,847,L-847,MID,Inner,2BR-B,30.6,Fresh,INNER BLDG
L,850,L-850,MID,Inner,2BR-B,30.6,Fresh,INNER BLDG
L,853,L-853,MID,Inner,2BR-B,30.6,Fresh,INNER BLDG
L,855,L-855,MID,Inner,2BR-B,30.6,Fresh,INNER BLDG
L,856,L-856,MID,Inner,2BR-B,30.6,Fresh,INNER BLDG
L,857,L-857,MID,Inner,2BR-B,30.6,Fresh,INNER BLDG
L,859,L-859,MID,Inner,2BR-B,30.6,Fresh,INNER BLDG
L,861,L-861,MID,Inner,2BR-B,30.6,Fresh,INNER BLDG
L,863,L-863,MID,Inner,2BR-B,30.6,Fresh,INNER BLDG
L,864,L-864,MID,Inner,2BR-B,30.6,Fresh,INNER BLDG
L,914,L-914,MID,Outer,2BR-B,30.6,Fresh,BLDG M
L,916,L-916,MID,Outer,2BR-B,30.6,Fresh,BLDG M
L,917,L-917,MID,Outer,2BR-B,30.6,Fresh,BLDG M
L,918,L-918,MID,Outer,2BR-B,30.6,Fresh,BLDG M
L,923,L-923,MID,Outer,2BR-B,30.6,Fresh,BLDG K
L,924,L-924,MID,Outer,2BR-B,30.6,Fresh,BLDG K
L,925,L-925,MID,Outer,2BR-B,30.6,Fresh,BLDG K
L,926,L-926,MID,Outer,2BR-B,30.6,Fresh,BLDG K
L,927,L-927,MID,Outer,2BR-B,30.6,Fresh,BLDG K
L,928,L-928,MID,Outer,2BR-B,30.6,Fresh,BLDG K
L,929,L-929,MID,Outer,2BR-B,30.6,Fresh,BLDG K
L,930,L-930,MID,Outer,2BR-B,30.6,Fresh,BLDG K
L,931,L-931,MID,Outer,2BR-B,30.6,Fresh,BLDG K
L,944,L-944,MID,Inner,2BR-B,30.6,Fresh,INNER BLDG
L,945,L-945,MID,Inner,2BR-B,30.6,Fresh,INNER BLDG
L,946,L-946,MID,Inner,2BR-B,30.6,Fresh,INNER BLDG
L,947,L-947,MID,Inner,2BR-B,30.6,Fresh,INNER BLDG
L,948,L-948,MID,Inner,2BR-B,30.6,Fresh,INNER BLDG
L,950,L-950,MID,Inner,2BR-B,30.6,Fresh,INNER BLDG
L,951,L-951,MID,Inner,2BR-B,30.6,Fresh,INNER BLDG
L,952,L-952,MID,Inner,2BR-B,30.6,Fresh,INNER BLDG
L,953,L-953,MID,Inner,2BR-B,30.6,Fresh,INNER BLDG
L,955,L-955,MID,Inner,2BR-B,30.6,Fresh,INNER BLDG
L,956,L-956,MID,Inner,2BR-B,30.6,Fresh,INNER BLDG
L,957,L-957,MID,Inner,2BR-B,30.6,Fresh,INNER BLDG
L,958,L-958,MID,Inner,2BR-B,30.6,Fresh,INNER BLDG
L,959,L-959,MID,Inner,2BR-B,30.6,Fresh,INNER BLDG
L,961,L-961,MID,Inner,2BR-B,30.6,Fresh,INNER BLDG
L,962,L-962,MID,Inner,2BR-B,30.6,Fresh,INNER BLDG
L,963,L-963,MID,Inner,2BR-B,30.6,Fresh,INNER BLDG
L,964,L-964,MID,Inner,2BR-B,30.6,Fresh,INNER BLDG
L,1016,L-1016,MID,Outer,2BR-B,30.6,Fresh,BLDG M
L,1017,L-1017,MID,Outer,2BR-B,30.6,Fresh,BLDG M
L,1023,L-1023,MID,Outer,2BR-B,30.6,Fresh,BLDG K
L,1024,L-1024,MID,Outer,2BR-B,30.6,Fresh,BLDG K
L,1025,L-1025,MID,Outer,2BR-B,30.6,Fresh,BLDG K
L,1027,L-1027,MID,Outer,2BR-B,30.6,Fresh,BLDG K
L,1028,L-1028,MID,Outer,2BR-B,30.6,Fresh,BLDG K
L,1029,L-1029,MID,Outer,2BR-B,30.6,Fresh,BLDG K
L,1030,L-1030,MID,Outer,2BR-B,30.6,Fresh,BLDG K
L,1045,L-1045,MID,Inner,2BR-B,30.6,Fresh,INNER BLDG
L,1046,L-1046,MID,Inner,2BR-B,30.6,Fresh,INNER BLDG
L,1047,L-1047,MID,Inner,2BR-B,30.6,Fresh,INNER BLDG
L,1048,L-1048,MID,Inner,2BR-B,30.6,Fresh,INNER BLDG
L,1050,L-1050,MID,Inner,2BR-B,30.6,Fresh,INNER BLDG
L,1052,L-1052,MID,Inner,2BR-B,30.6,Fresh,INNER BLDG
L,1055,L-1055,MID,Inner,2BR-B,30.6,Fresh,INNER BLDG
L,1056,L-1056,MID,Inner,2BR-B,30.6,Fresh,INNER BLDG
L,1057,L-1057,MID,Inner,2BR-B,30.6,Fresh,INNER BLDG
L,1058,L-1058,MID,Inner,2BR-B,30.6,Fresh,INNER BLDG
L,1061,L-1061,MID,Inner,2BR-B,30.6,Fresh,INNER BLDG
L,1062,L-1062,MID,Inner,2BR-B,30.6,Fresh,INNER BLDG
L,1114,L-1114,HIGH,Outer,2BR-B,30.6,Fresh,BLDG M
L,1115,L-1115,HIGH,Outer,2BR-B,30.6,Fresh,BLDG M
L,1116,L-1116,HIGH,Outer,2BR-B,30.6,Fresh,BLDG M
L,1117,L-1117,HIGH,Outer,2BR-B,30.6,Fresh,BLDG M
L,1123,L-1123,HIGH,Outer,2BR-B,30.6,Fresh,BLDG K
L,1124,L-1124,HIGH,Outer,2BR-B,30.6,Fresh,BLDG K
L,1125,L-1125,HIGH,Outer,2BR-B,30.6,Fresh,BLDG K
L,1126,L-1126,HIGH,Outer,2BR-B,30.6,Fresh,BLDG K
L,1127,L-1127,HIGH,Outer,2BR-B,30.6,Fresh,BLDG K
L,1128,L-1128,HIGH,Outer,2BR-B,30.6,Fresh,BLDG K
L,1129,L-1129,HIGH,Outer,2BR-B,30.6,Fresh,BLDG K
L,1130,L-1130,HIGH,Outer,2BR-B,30.6,Fresh,BLDG K
L,1144,L-1144,HIGH,Inner,2BR-B,30.6,Fresh,INNER BLDG
L,1145,L-1145,HIGH,Inner,2BR-B,30.6,Fresh,INNER BLDG
L,1146,L-1146,HIGH,Inner,2BR-B,30.6,Fresh,INNER BLDG
L,1147,L-1147,HIGH,Inner,2BR-B,30.6,Fresh,INNER BLDG
L,1150,L-1150,HIGH,Inner,2BR-B,30.6,Fresh,INNER BLDG
L,1151,L-1151,HIGH,Inner,2BR-B,30.6,Fresh,INNER BLDG
L,1152,L-1152,HIGH,Inner,2BR-B,30.6,Fresh,INNER BLDG
L,1153,L-1153,HIGH,Inner,2BR-B,30.6,Fresh,INNER BLDG
L,1155,L-1155,HIGH,Inner,2BR-B,30.6,Fresh,INNER BLDG
L,1156,L-1156,HIGH,Inner,2BR-B,30.6,Fresh,INNER BLDG
L,1157,L-1157,HIGH,Inner,2BR-B,30.6,Fresh,INNER BLDG
L,1158,L-1158,HIGH,Inner,2BR-B,30.6,Fresh,INNER BLDG
L,1159,L-1159,HIGH,Inner,2BR-B,30.6,Fresh,INNER BLDG
L,1161,L-1161,HIGH,Inner,2BR-B,30.6,Fresh,INNER BLDG
L,1162,L-1162,HIGH,Inner,2BR-B,30.6,Fresh,INNER BLDG
L,1163,L-1163,HIGH,Inner,2BR-B,30.6,Fresh,INNER BLDG
L,1164,L-1164,HIGH,Inner,2BR-B,30.6,Fresh,INNER BLDG
L,1214,L-1214,HIGH,Outer,2BR-B,30.6,Fresh,BLDG M
L,1215,L-1215,HIGH,Outer,2BR-B,30.6,Fresh,BLDG M
L,1216,L-1216,HIGH,Outer,2BR-B,30.6,Fresh,BLDG M
L,1217,L-1217,HIGH,Outer,2BR-B,30.6,Fresh,BLDG M
L,1218,L-1218,HIGH,Outer,2BR-B,30.6,Fresh,BLDG M
L,1223,L-1223,HIGH,Outer,2BR-B,30.6,Fresh,BLDG K
L,1224,L-1224,HIGH,Outer,2BR-B,30.6,Fresh,BLDG K
L,1225,L-1225,HIGH,Outer,2BR-B,30.6,Fresh,BLDG K
L,1226,L-1226,HIGH,Outer,2BR-B,30.6,Fresh,BLDG K
L,1227,L-1227,HIGH,Outer,2BR-B,30.6,Fresh,BLDG K
L,1228,L-1228,HIGH,Outer,2BR-B,30.6,Fresh,BLDG K
L,1229,L-1229,HIGH,Outer,2BR-B,30.6,Fresh,BLDG K
L,1230,L-1230,HIGH,Outer,2BR-B,30.6,Fresh,BLDG K
L,1231,L-1231,HIGH,Outer,2BR-B,30.6,Fresh,BLDG K
L,1244,L-1244,HIGH,Inner,2BR-B,30.6,Fresh,INNER BLDG
L,1245,L-1245,HIGH,Inner,2BR-B,30.6,Fresh,INNER BLDG
L,1246,L-1246,HIGH,Inner,2BR-B,30.6,Fresh,INNER BLDG
L,1247,L-1247,HIGH,Inner,2BR-B,30.6,Fresh,INNER BLDG
L,1248,L-1248,HIGH,Inner,2BR-B,30.6,Fresh,INNER BLDG
L,1250,L-1250,HIGH,Inner,2BR-B,30.6,Fresh,INNER BLDG
L,1251,L-1251,HIGH,Inner,2BR-B,30.6,Fresh,INNER BLDG
L,1252,L-1252,HIGH,Inner,2BR-B,30.6,Fresh,INNER BLDG
L,1253,L-1253,HIGH,Inner,2BR-B,30.6,Fresh,INNER BLDG
L,1255,L-1255,HIGH,Inner,2BR-B,30.6,Fresh,INNER BLDG
L,1256,L-1256,HIGH,Inner,2BR-B,30.6,Fresh,INNER BLDG
L,1257,L-1257,HIGH,Inner,2BR-B,30.6,Fresh,INNER BLDG
L,1258,L-1258,HIGH,Inner,2BR-B,30.6,Fresh,INNER BLDG
L,1259,L-1259,HIGH,Inner,2BR-B,30.6,Fresh,INNER BLDG
L,1261,L-1261,HIGH,Inner,2BR-B,30.6,Fresh,INNER BLDG
L,1262,L-1262,HIGH,Inner,2BR-B,30.6,Fresh,INNER BLDG
L,1263,L-1263,HIGH,Inner,2BR-B,30.6,Fresh,INNER BLDG
L,1264,L-1264,HIGH,Inner,2BR-B,30.6,Fresh,INNER BLDG
L,1414,L-1414,HIGH,Outer,2BR-B,30.6,Fresh,BLDG M
L,1415,L-1415,HIGH,Outer,2BR-B,30.6,Fresh,BLDG M
L,1416,L-1416,HIGH,Outer,2BR-B,30.6,Fresh,BLDG M
L,1417,L-1417,HIGH,Outer,2BR-B,30.6,Fresh,BLDG M
L,1423,L-1423,HIGH,Outer,2BR-B,30.6,Fresh,BLDG K
L,1424,L-1424,HIGH,Outer,2BR-B,30.6,Fresh,BLDG K
L,1425,L-1425,HIGH,Outer,2BR-B,30.6,Fresh,BLDG K
L,1426,L-1426,HIGH,Outer,2BR-B,30.6,Fresh,BLDG K
L,1427,L-1427,HIGH,Outer,2BR-B,30.6,Fresh,BLDG K
L,1428,L-1428,HIGH,Outer,2BR-B,30.6,Fresh,BLDG K
L,1429,L-1429,HIGH,Outer,2BR-B,30.6,Fresh,BLDG K
L,1430,L-1430,HIGH,Outer,2BR-B,30.6,Fresh,BLDG K
L,1445,L-1445,HIGH,Inner,2BR-B,30.6,Fresh,INNER BLDG
L,1446,L-1446,HIGH,Inner,2BR-B,30.6,Fresh,INNER BLDG
L,1447,L-1447,HIGH,Inner,2BR-B,30.6,Fresh,INNER BLDG
L,1448,L-1448,HIGH,Inner,2BR-B,30.6,Fresh,INNER BLDG
L,1450,L-1450,HIGH,Inner,2BR-B,30.6,Fresh,INNER BLDG
L,1451,L-1451,HIGH,Inner,2BR-B,30.6,Fresh,INNER BLDG
L,1452,L-1452,HIGH,Inner,2BR-B,30.6,Fresh,INNER BLDG
L,1453,L-1453,HIGH,Inner,2BR-B,30.6,Fresh,INNER BLDG
L,1455,L-1455,HIGH,Inner,2BR-B,30.6,Fresh,INNER BLDG
L,1456,L-1456,HIGH,Inner,2BR-B,30.6,Fresh,INNER BLDG
L,1457,L-1457,HIGH,Inner,2BR-B,30.6,Fresh,INNER BLDG
L,1458,L-1458,HIGH,Inner,2BR-B,30.6,Fresh,INNER BLDG
L,1459,L-1459,HIGH,Inner,2BR-B,30.6,Fresh,INNER BLDG
L,1461,L-1461,HIGH,Inner,2BR-B,30.6,Fresh,INNER BLDG
L,1462,L-1462,HIGH,Inner,2BR-B,30.6,Fresh,INNER BLDG
L,1463,L-1463,HIGH,Inner,2BR-B,30.6,Fresh,INNER BLDG
L,1464,L-1464,HIGH,Inner,2BR-B,30.6,Fresh,INNER BLDG
L,1515,L-1515,HIGH,Outer,2BR-B,30.6,Fresh,BLDG M
L,1516,L-1516,HIGH,Outer,2BR-B,30.6,Fresh,BLDG M
L,1517,L-1517,HIGH,Outer,2BR-B,30.6,Fresh,BLDG M
L,1518,L-1518,HIGH,Outer,2BR-B,30.6,Fresh,BLDG M
L,1519,L-1519,HIGH,Outer,2BR-B,30.6,Fresh,BLDG M
L,1523,L-1523,HIGH,Outer,2BR-B,30.6,Fresh,BLDG K
L,1524,L-1524,HIGH,Outer,2BR-B,30.6,Fresh,BLDG K
L,1525,L-1525,HIGH,Outer,2BR-B,30.6,Fresh,BLDG K
L,1526,L-1526,HIGH,Outer,2BR-B,30.6,Fresh,BLDG K
L,1527,L-1527,HIGH,Outer,2BR-B,30.6,Fresh,BLDG K
L,1528,L-1528,HIGH,Outer,2BR-B,30.6,Fresh,BLDG K
L,1529,L-1529,HIGH,Outer,2BR-B,30.6,Fresh,BLDG K
L,1530,L-1530,HIGH,Outer,2BR-B,30.6,Fresh,BLDG K
L,1544,L-1544,HIGH,Inner,2BR-B,30.6,Fresh,INNER BLDG
L,1546,L-1546,HIGH,Inner,2BR-B,30.6,Fresh,INNER BLDG
L,1547,L-1547,HIGH,Inner,2BR-B,30.6,Fresh,INNER BLDG
L,1548,L-1548,HIGH,Inner,2BR-B,30.6,Fresh,INNER BLDG
L,1550,L-1550,HIGH,Inner,2BR-B,30.6,Fresh,INNER BLDG
L,1551,L-1551,HIGH,Inner,2BR-B,30.6,Fresh,INNER BLDG
L,1552,L-1552,HIGH,Inner,2BR-B,30.6,Fresh,INNER BLDG
L,1553,L-1553,HIGH,Inner,2BR-B,30.6,Fresh,INNER BLDG
L,1555,L-1555,HIGH,Inner,2BR-B,30.6,Fresh,INNER BLDG
L,1556,L-1556,HIGH,Inner,2BR-B,30.6,Fresh,INNER BLDG
L,1557,L-1557,HIGH,Inner,2BR-B,30.6,Fresh,INNER BLDG
L,1558,L-1558,HIGH,Inner,2BR-B,30.6,Fresh,INNER BLDG
L,1559,L-1559,HIGH,Inner,2BR-B,30.6,Fresh,INNER BLDG
L,1561,L-1561,HIGH,Inner,2BR-B,30.6,Fresh,INNER BLDG
L,1562,L-1562,HIGH,Inner,2BR-B,30.6,Fresh,INNER BLDG
L,1563,L-1563,HIGH,Inner,2BR-B,30.6,Fresh,INNER BLDG
L,1564,L-1564,HIGH,Inner,2BR-B,30.6,Fresh,INNER BLDG
L,1614,L-1614,HIGH,Outer,2BR-B,30.6,Fresh,BLDG M
L,1615,L-1615,HIGH,Outer,2BR-B,30.6,Fresh,BLDG M
L,1616,L-1616,HIGH,Outer,2BR-B,30.6,Fresh,BLDG M
L,1617,L-1617,HIGH,Outer,2BR-B,30.6,Fresh,BLDG M
L,1623,L-1623,HIGH,Outer,2BR-B,30.6,Fresh,BLDG K
L,1624,L-1624,HIGH,Outer,2BR-B,30.6,Fresh,BLDG K
L,1625,L-1625,HIGH,Outer,2BR-B,30.6,Fresh,BLDG K
L,1626,L-1626,HIGH,Outer,2BR-B,30.6,Fresh,BLDG K
L,1627,L-1627,HIGH,Outer,2BR-B,30.6,Fresh,BLDG K
L,1628,L-1628,HIGH,Outer,2BR-B,30.6,Fresh,BLDG K
L,1629,L-1629,HIGH,Outer,2BR-B,30.6,Fresh,BLDG K
L,1630,L-1630,HIGH,Outer,2BR-B,30.6,Fresh,BLDG K
L,1644,L-1644,HIGH,Inner,2BR-B,30.6,Fresh,INNER BLDG
L,1645,L-1645,HIGH,Inner,2BR-B,30.6,Fresh,INNER BLDG
L,1646,L-1646,HIGH,Inner,2BR-B,30.6,Fresh,INNER BLDG
L,1647,L-1647,HIGH,Inner,2BR-B,30.6,Fresh,INNER BLDG
L,1648,L-1648,HIGH,Inner,2BR-B,30.6,Fresh,INNER BLDG
L,1650,L-1650,HIGH,Inner,2BR-B,30.6,Fresh,INNER BLDG
L,1651,L-1651,HIGH,Inner,2BR-B,30.6,Fresh,INNER BLDG
L,1652,L-1652,HIGH,Inner,2BR-B,30.6,Fresh,INNER BLDG
L,1653,L-1653,HIGH,Inner,2BR-B,30.6,Fresh,INNER BLDG
L,1655,L-1655,HIGH,Inner,2BR-B,30.6,Fresh,INNER BLDG
L,1656,L-1656,HIGH,Inner,2BR-B,30.6,Fresh,INNER BLDG
L,1657,L-1657,HIGH,Inner,2BR-B,30.6,Fresh,INNER BLDG
L,1658,L-1658,HIGH,Inner,2BR-B,30.6,Fresh,INNER BLDG
L,1659,L-1659,HIGH,Inner,2BR-B,30.6,Fresh,INNER BLDG
L,1661,L-1661,HIGH,Inner,2BR-B,30.6,Fresh,INNER BLDG
L,1662,L-1662,HIGH,Inner,2BR-B,30.6,Fresh,INNER BLDG
L,1663,L-1663,HIGH,Inner,2BR-B,30.6,Fresh,INNER BLDG
L,1664,L-1664,HIGH,Inner,2BR-B,30.6,Fresh,INNER BLDG
L,1715,L-1715,HIGH,Outer,2BR-B,30.6,Fresh,BLDG M
L,1716,L-1716,HIGH,Outer,2BR-B,30.6,Fresh,BLDG M
L,1717,L-1717,HIGH,Outer,2BR-B,30.6,Fresh,BLDG M
L,1724,L-1724,HIGH,Outer,2BR-B,30.6,Fresh,BLDG K
L,1725,L-1725,HIGH,Outer,2BR-B,30.6,Fresh,BLDG K
L,1726,L-1726,HIGH,Outer,2BR-B,30.6,Fresh,BLDG K
L,1727,L-1727,HIGH,Outer,2BR-B,30.6,Fresh,BLDG K
L,1728,L-1728,HIGH,Outer,2BR-B,30.6,Fresh,BLDG K
L,1729,L-1729,HIGH,Outer,2BR-B,30.6,Fresh,BLDG K
L,1744,L-1744,HIGH,Inner,2BR-B,30.6,Fresh,INNER BLDG
L,1745,L-1745,HIGH,Inner,2BR-B,30.6,Fresh,INNER BLDG
L,1746,L-1746,HIGH,Inner,2BR-B,30.6,Fresh,INNER BLDG
L,1747,L-1747,HIGH,Inner,2BR-B,30.6,Fresh,INNER BLDG
L,1748,L-1748,HIGH,Inner,2BR-B,30.6,Fresh,INNER BLDG
L,1750,L-1750,HIGH,Inner,2BR-B,30.6,Fresh,INNER BLDG
L,1751,L-1751,HIGH,Inner,2BR-B,30.6,Fresh,INNER BLDG
L,1752,L-1752,HIGH,Inner,2BR-B,30.6,Fresh,INNER BLDG
L,1753,L-1753,HIGH,Inner,2BR-B,30.6,Fresh,INNER BLDG
L,1755,L-1755,HIGH,Inner,2BR-B,30.6,Fresh,INNER BLDG
L,1756,L-1756,HIGH,Inner,2BR-B,30.6,Fresh,INNER BLDG
L,1757,L-1757,HIGH,Inner,2BR-B,30.6,Fresh,INNER BLDG
L,1758,L-1758,HIGH,Inner,2BR-B,30.6,Fresh,INNER BLDG
L,1759,L-1759,HIGH,Inner,2BR-B,30.6,Fresh,INNER BLDG
L,1761,L-1761,HIGH,Inner,2BR-B,30.6,Fresh,INNER BLDG
L,1762,L-1762,HIGH,Inner,2BR-B,30.6,Fresh,INNER BLDG
L,1763,L-1763,HIGH,Inner,2BR-B,30.6,Fresh,INNER BLDG
L,1764,L-1764,HIGH,Inner,2BR-B,30.6,Fresh,INNER BLDG
M,614,M-614,MID,Outer,2BR-B,30.6,RESALE,BLDG N
M,619,M-619,MID,Outer,2BR-B,30.6,RESALE,BLDG N
M,650,M-650,MID,Inner,2BR-B,30.6,RESALE,INNER BLDG
M,719,M-719,MID,Outer,2BR-B,30.6,RESALE,BLDG N
M,737,M-737,MID,Outer,2BR-B,30.6,RESALE,BLDG L
M,840,M-840,MID,Outer,2BR-B,30.6,RESALE,BLDG L
M,913,M-913,MID,Outer,2BR-B,30.6,RESALE,BLDG N
M,919,M-919,MID,Outer,2BR-B,30.6,RESALE,BLDG N
M,936,M-936,MID,Outer,2BR-B,30.6,RESALE,BLDG L
M,937,M-937,MID,Outer,2BR-B,30.6,RESALE,BLDG L
M,938,M-938,MID,Outer,2BR-B,30.6,RESALE,BLDG L
M,939,M-939,MID,Outer,2BR-B,30.6,RESALE,BLDG L
M,950,M-950,MID,Inner,2BR-B,30.6,RESALE,INNER BLDG
M,1018,M-1018,MID,Outer,2BR-B,30.6,RESALE,BLDG N
M,1020,M-1020,MID,Outer,2BR-B,30.6,RESALE,BLDG N
M,1034,M-1034,MID,Outer,2BR-B,30.6,RESALE,BLDG L
M,1039,M-1039,MID,Outer,2BR-B,30.6,RESALE,BLDG L
M,1118,M-1118,HIGH,Outer,2BR-B,30.6,RESALE,BLDG N
M,1134,M-1134,HIGH,Outer,2BR-B,30.6,RESALE,BLDG L
M,1135,M-1135,HIGH,Outer,2BR-B,30.6,RESALE,BLDG L
M,1138,M-1138,HIGH,Outer,2BR-B,30.6,RESALE,BLDG L
M,1140,M-1140,HIGH,Outer,2BR-B,30.6,RESALE,BLDG L
M,1214,M-1214,HIGH,Outer,2BR-B,30.6,RESALE,BLDG N
M,1217,M-1217,HIGH,Outer,2BR-B,30.6,RESALE,BLDG N
M,1219,M-1219,HIGH,Outer,2BR-B,30.6,RESALE,BLDG N
M,1220,M-1220,HIGH,Outer,2BR-B,30.6,RESALE,BLDG N
M,1237,M-1237,HIGH,Outer,2BR-B,30.6,RESALE,BLDG L
M,1240,M-1240,HIGH,Outer,2BR-B,30.6,RESALE,BLDG L
M,1247,M-1247,HIGH,Inner,2BR-B,30.6,RESALE,INNER BLDG
M,1248,M-1248,HIGH,Inner,2BR-B,30.6,RESALE,INNER BLDG
M,1253,M-1253,HIGH,Inner,2BR-B,30.6,RESALE,INNER BLDG
M,1255,M-1255,HIGH,Inner,2BR-B,30.6,RESALE,INNER BLDG
M,1264,M-1264,HIGH,Inner,2BR-B,30.6,Fresh,INNER BLDG
M,1413,M-1413,HIGH,Outer,2BR-B,30.6,RESALE,BLDG N
M,1417,M-1417,HIGH,Outer,2BR-B,30.6,RESALE,BLDG N
M,1419,M-1419,HIGH,Outer,2BR-B,30.6,Fresh,BLDG N
M,1438,M-1438,HIGH,Outer,2BR-B,30.6,RESALE,BLDG L
M,1445,M-1445,HIGH,Inner,2BR-B,30.6,Fresh,INNER BLDG
M,1447,M-1447,HIGH,Inner,2BR-B,30.6,RESALE,INNER BLDG
M,1455,M-1455,HIGH,Inner,2BR-B,30.6,RESALE,INNER BLDG
M,1458,M-1458,HIGH,Inner,2BR-B,30.6,RESALE,INNER BLDG
M,1461,M-1461,HIGH,Inner,2BR-B,30.6,RESALE,INNER BLDG
M,1464,M-1464,HIGH,Inner,2BR-B,30.6,RESALE,INNER BLDG
M,1514,M-1514,HIGH,Outer,2BR-B,30.6,RESALE,BLDG N
M,1516,M-1516,HIGH,Outer,2BR-B,30.6,RESALE,BLDG N
M,1520,M-1520,HIGH,Outer,2BR-B,30.6,RESALE,BLDG N
M,1538,M-1538,HIGH,Outer,2BR-B,30.6,RESALE,BLDG L
M,1546,M-1546,HIGH,Inner,2BR-B,30.6,Fresh,INNER BLDG
M,1547,M-1547,HIGH,Inner,2BR-B,30.6,Fresh,INNER BLDG
M,1550,M-1550,HIGH,Inner,2BR-B,30.6,RESALE,INNER BLDG
M,1552,M-1552,HIGH,Inner,2BR-B,30.6,RESALE,INNER BLDG
M,1556,M-1556,HIGH,Inner,2BR-B,30.6,RESALE,INNER BLDG
M,1557,M-1557,HIGH,Inner,2BR-B,30.6,Fresh,INNER BLDG
M,1561,M-1561,HIGH,Inner,2BR-B,30.6,Fresh,INNER BLDG
M,1615,M-1615,HIGH,Outer,2BR-B,30.6,RESALE,BLDG N
M,1634,M-1634,HIGH,Outer,2BR-B,30.6,RESALE,BLDG L
M,1644,M-1644,HIGH,Inner,2BR-B,30.6,RESALE,INNER BLDG
M,1645,M-1645,HIGH,Inner,2BR-B,30.6,RESALE,INNER BLDG
M,1646,M-1646,HIGH,Inner,2BR-B,30.6,Fresh,INNER BLDG
M,1655,M-1655,HIGH,Inner,2BR-B,30.6,RESALE,INNER BLDG
M,1661,M-1661,HIGH,Inner,2BR-B,30.6,RESALE,INNER BLDG
M,1664,M-1664,HIGH,Inner,2BR-B,30.6,RESALE,INNER BLDG
N,230,N-230,LOW,Outer,2BR-B,30.6,RESALE,BLDG O
N,524,N-524,LOW,Outer,2BR-B,30.6,RESALE,BLDG O
N,625,N-625,MID,Outer,2BR-B,30.6,RESALE,BLDG O
N,729,N-729,MID,Outer,2BR-B,30.6,RESALE,BLDG O
N,738,N-738,MID,Outer,2BR-B,30.6,RESALE,BLDG M
N,747,N-747,MID,Inner,2BR-B,30.6,RESALE,INNER BLDG
N,824,N-824,MID,Outer,2BR-B,30.6,RESALE,BLDG O
N,836,N-836,MID,Outer,2BR-B,30.6,RESALE,BLDG M
N,924,N-924,MID,Outer,2BR-B,30.6,RESALE,BLDG O
N,940,N-940,MID,Outer,2BR-B,30.6,RESALE,BLDG M
N,959,N-959,MID,Inner,2BR-B,30.6,RESALE,INNER BLDG
N,1036,N-1036,MID,Outer,2BR-B,30.6,RESALE,BLDG M
N,1045,N-1045,MID,Inner,2BR-B,30.6,RESALE,INNER BLDG
N,1046,N-1046,MID,Inner,2BR-B,30.6,RESALE,INNER BLDG
N,1127,N-1127,HIGH,Outer,2BR-B,30.6,RESALE,BLDG O
N,1129,N-1129,HIGH,Outer,2BR-B,30.6,RESALE,BLDG O
N,1131,N-1131,HIGH,Outer,2BR-B,30.6,RESALE,BLDG O
N,1138,N-1138,HIGH,Outer,2BR-B,30.6,RESALE,BLDG M
N,1140,N-1140,HIGH,Outer,2BR-B,30.6,RESALE,BLDG M
N,1145,N-1145,HIGH,Inner,2BR-B,30.6,RESALE,INNER BLDG
N,1147,N-1147,HIGH,Inner,2BR-B,30.6,RESALE,INNER BLDG
N,1151,N-1151,HIGH,Inner,2BR-B,30.6,Fresh,INNER BLDG
N,1162,N-1162,HIGH,Inner,2BR-B,30.6,RESALE,INNER BLDG
N,1223,N-1223,HIGH,Outer,2BR-B,30.6,RESALE,BLDG O
N,1236,N-1236,HIGH,Outer,2BR-B,30.6,RESALE,BLDG M
N,1246,N-1246,HIGH,Inner,2BR-B,30.6,Fresh,INNER BLDG
N,1250,N-1250,HIGH,Inner,2BR-B,30.6,Fresh,INNER BLDG
N,1252,N-1252,HIGH,Inner,2BR-B,30.6,Fresh,INNER BLDG
N,1258,N-1258,HIGH,Inner,2BR-B,30.6,RESALE,INNER BLDG
N,1259,N-1259,HIGH,Inner,2BR-B,30.6,Fresh,INNER BLDG
N,1261,N-1261,HIGH,Inner,2BR-B,30.6,Fresh,INNER BLDG
N,1263,N-1263,HIGH,Inner,2BR-B,30.6,RESALE,INNER BLDG
N,1424,N-1424,HIGH,Outer,2BR-B,30.6,RESALE,BLDG O
N,1426,N-1426,HIGH,Outer,2BR-B,30.6,Fresh,BLDG O
N,1427,N-1427,HIGH,Outer,2BR-B,30.6,Fresh,BLDG O
N,1431,N-1431,HIGH,Outer,2BR-B,30.6,RESALE,BLDG O
N,1439,N-1439,HIGH,Outer,2BR-B,30.6,RESALE,BLDG M
N,1444,N-1444,HIGH,Inner,2BR-B,30.6,RESALE,INNER BLDG
N,1446,N-1446,HIGH,Inner,2BR-B,30.6,Fresh,INNER BLDG
N,1447,N-1447,HIGH,Inner,2BR-B,30.6,RESALE,INNER BLDG
N,1448,N-1448,HIGH,Inner,2BR-B,30.6,Fresh,INNER BLDG
N,1450,N-1450,HIGH,Inner,2BR-B,30.6,Fresh,INNER BLDG
N,1451,N-1451,HIGH,Inner,2BR-B,30.6,Fresh,INNER BLDG
N,1452,N-1452,HIGH,Inner,2BR-B,30.6,Fresh,INNER BLDG
N,1453,N-1453,HIGH,Inner,2BR-B,30.6,Fresh,INNER BLDG
N,1455,N-1455,HIGH,Inner,2BR-B,30.6,Fresh,INNER BLDG
N,1456,N-1456,HIGH,Inner,2BR-B,30.6,Fresh,INNER BLDG
N,1457,N-1457,HIGH,Inner,2BR-B,30.6,Fresh,INNER BLDG
N,1458,N-1458,HIGH,Inner,2BR-B,30.6,Fresh,INNER BLDG
N,1459,N-1459,HIGH,Inner,2BR-B,30.6,Fresh,INNER BLDG
N,1461,N-1461,HIGH,Inner,2BR-B,30.6,Fresh,INNER BLDG
N,1463,N-1463,HIGH,Inner,2BR-B,30.6,Fresh,INNER BLDG
N,1523,N-1523,HIGH,Outer,2BR-B,30.6,RESALE,BLDG O
N,1526,N-1526,HIGH,Outer,2BR-B,30.6,Fresh,BLDG O
N,1528,N-1528,HIGH,Outer,2BR-B,30.6,Fresh,BLDG O
N,1529,N-1529,HIGH,Outer,2BR-B,30.6,Fresh,BLDG O
N,1530,N-1530,HIGH,Outer,2BR-B,30.6,RESALE,BLDG O
N,1539,N-1539,HIGH,Outer,2BR-B,30.6,Fresh,BLDG M
N,1544,N-1544,HIGH,Inner,2BR-B,30.6,Fresh,INNER BLDG
N,1545,N-1545,HIGH,Inner,2BR-B,30.6,Fresh,INNER BLDG
N,1546,N-1546,HIGH,Inner,2BR-B,30.6,Fresh,INNER BLDG
N,1547,N-1547,HIGH,Inner,2BR-B,30.6,Fresh,INNER BLDG
N,1552,N-1552,HIGH,Inner,2BR-B,30.6,Fresh,INNER BLDG
N,1553,N-1553,HIGH,Inner,2BR-B,30.6,Fresh,INNER BLDG
N,1555,N-1555,HIGH,Inner,2BR-B,30.6,Fresh,INNER BLDG
N,1556,N-1556,HIGH,Inner,2BR-B,30.6,Fresh,INNER BLDG
N,1557,N-1557,HIGH,Inner,2BR-B,30.6,Fresh,INNER BLDG
N,1558,N-1558,HIGH,Inner,2BR-B,30.6,RESALE,INNER BLDG
N,1559,N-1559,HIGH,Inner,2BR-B,30.6,Fresh,INNER BLDG
N,1561,N-1561,HIGH,Inner,2BR-B,30.6,Fresh,INNER BLDG
N,1562,N-1562,HIGH,Inner,2BR-B,30.6,Fresh,INNER BLDG
N,1564,N-1564,HIGH,Inner,2BR-B,30.6,Fresh,INNER BLDG
N,1626,N-1626,HIGH,Outer,2BR-B,30.6,Fresh,BLDG O
N,1631,N-1631,HIGH,Outer,2BR-B,30.6,RESALE,BLDG O
N,1637,N-1637,HIGH,Outer,2BR-B,30.6,RESALE,BLDG M
N,1644,N-1644,HIGH,Inner,2BR-B,30.6,Fresh,INNER BLDG
N,1646,N-1646,HIGH,Inner,2BR-B,30.6,Fresh,INNER BLDG
N,1647,N-1647,HIGH,Inner,2BR-B,30.6,Fresh,INNER BLDG
N,1648,N-1648,HIGH,Inner,2BR-B,30.6,Fresh,INNER BLDG
N,1650,N-1650,HIGH,Inner,2BR-B,30.6,Fresh,INNER BLDG
N,1651,N-1651,HIGH,Inner,2BR-B,30.6,Fresh,INNER BLDG
N,1652,N-1652,HIGH,Inner,2BR-B,30.6,Fresh,INNER BLDG
N,1653,N-1653,HIGH,Inner,2BR-B,30.6,RESALE,INNER BLDG
N,1657,N-1657,HIGH,Inner,2BR-B,30.6,Fresh,INNER BLDG
N,1661,N-1661,HIGH,Inner,2BR-B,30.6,Fresh,INNER BLDG
N,1664,N-1664,HIGH,Inner,2BR-B,30.6,Fresh,INNER BLDG
N,1723,N-1723,HIGH,Outer,2BR-B,30.6,RESALE,BLDG O
N,1727,N-1727,HIGH,Outer,2BR-B,30.6,RESALE,BLDG O
N,1738,N-1738,HIGH,Outer,2BR-B,30.6,RESALE,BLDG M
N,1740,N-1740,HIGH,Outer,2BR-B,30.6,RESALE,BLDG M
N,1745,N-1745,HIGH,Inner,2BR-B,30.6,Fresh,INNER BLDG
N,1750,N-1750,HIGH,Inner,2BR-B,30.6,Fresh,INNER BLDG
N,1751,N-1751,HIGH,Inner,2BR-B,30.6,Fresh,INNER BLDG
N,1755,N-1755,HIGH,Inner,2BR-B,30.6,Fresh,INNER BLDG
N,1756,N-1756,HIGH,Inner,2BR-B,30.6,Fresh,INNER BLDG
N,1757,N-1757,HIGH,Inner,2BR-B,30.6,RESALE,INNER BLDG
N,1758,N-1758,HIGH,Inner,2BR-B,30.6,RESALE,INNER BLDG
N,1761,N-1761,HIGH,Inner,2BR-B,30.6,RESALE,INNER BLDG
N,1764,N-1764,HIGH,Inner,2BR-B,30.6,Fresh,INNER BLDG
O,825,O-825,MID,Outer,2BR-B,30.6,RESALE,BLDG P
O,905,O-905,MID,Outer,2BR-B,30.6,Fresh,BLDG N
O,964,O-964,MID,Inner,2BR-B,30.6,Fresh,INNER BLDG
O,1004,O-1004,MID,Outer,2BR-B,30.6,Fresh,BLDG N
O,1007,O-1007,MID,Outer,2BR-B,30.6,Fresh,BLDG N
O,1102,O-1102,HIGH,Outer,2BR-B,30.6,Fresh,BLDG N
O,1103,O-1103,HIGH,Outer,2BR-B,30.6,Fresh,BLDG N
O,1104,O-1104,HIGH,Outer,2BR-B,30.6,Fresh,BLDG N
O,1105,O-1105,HIGH,Outer,2BR-B,30.6,Fresh,BLDG N
O,1106,O-1106,HIGH,Outer,2BR-B,30.6,Fresh,BLDG N
O,1107,O-1107,HIGH,Outer,2BR-B,30.6,Fresh,BLDG N
O,1124,O-1124,HIGH,Outer,2BR-B,30.6,Fresh,BLDG P
O,1125,O-1125,HIGH,Outer,2BR-B,30.6,Fresh,BLDG P
O,1126,O-1126,HIGH,Outer,2BR-B,30.6,Fresh,BLDG P
O,1127,O-1127,HIGH,Outer,2BR-B,30.6,Fresh,BLDG P
O,1128,O-1128,HIGH,Outer,2BR-B,30.6,Fresh,BLDG P
O,1129,O-1129,HIGH,Outer,2BR-B,30.6,Fresh,BLDG P
O,1144,O-1144,HIGH,Inner,2BR-B,30.6,Fresh,INNER BLDG
O,1145,O-1145,HIGH,Inner,2BR-B,30.6,Fresh,INNER BLDG
O,1146,O-1146,HIGH,Inner,2BR-B,30.6,Fresh,INNER BLDG
O,1147,O-1147,HIGH,Inner,2BR-B,30.6,Fresh,INNER BLDG
O,1150,O-1150,HIGH,Inner,2BR-B,30.6,Fresh,INNER BLDG
O,1151,O-1151,HIGH,Inner,2BR-B,30.6,Fresh,INNER BLDG
O,1152,O-1152,HIGH,Inner,2BR-B,30.6,Fresh,INNER BLDG
O,1153,O-1153,HIGH,Inner,2BR-B,30.6,Fresh,INNER BLDG
O,1156,O-1156,HIGH,Inner,2BR-B,30.6,Fresh,INNER BLDG
O,1157,O-1157,HIGH,Inner,2BR-B,30.6,Fresh,INNER BLDG
O,1158,O-1158,HIGH,Inner,2BR-B,30.6,Fresh,INNER BLDG
O,1159,O-1159,HIGH,Inner,2BR-B,30.6,Fresh,INNER BLDG
O,1161,O-1161,HIGH,Inner,2BR-B,30.6,Fresh,INNER BLDG
O,1162,O-1162,HIGH,Inner,2BR-B,30.6,Fresh,INNER BLDG
O,1163,O-1163,HIGH,Inner,2BR-B,30.6,Fresh,INNER BLDG
O,1164,O-1164,HIGH,Inner,2BR-B,30.6,Fresh,INNER BLDG
O,1202,O-1202,HIGH,Outer,2BR-B,30.6,Fresh,BLDG N
O,1203,O-1203,HIGH,Outer,2BR-B,30.6,Fresh,BLDG N
O,1204,O-1204,HIGH,Outer,2BR-B,30.6,Fresh,BLDG N
O,1205,O-1205,HIGH,Outer,2BR-B,30.6,Fresh,BLDG N
O,1206,O-1206,HIGH,Outer,2BR-B,30.6,Fresh,BLDG N
O,1207,O-1207,HIGH,Outer,2BR-B,30.6,Fresh,BLDG N
O,1208,O-1208,HIGH,Outer,2BR-B,30.6,Fresh,BLDG N
O,1225,O-1225,HIGH,Outer,2BR-B,30.6,Fresh,BLDG P
O,1226,O-1226,HIGH,Outer,2BR-B,30.6,Fresh,BLDG P
O,1227,O-1227,HIGH,Outer,2BR-B,30.6,Fresh,BLDG P
O,1244,O-1244,HIGH,Inner,2BR-B,30.6,Fresh,INNER BLDG
O,1245,O-1245,HIGH,Inner,2BR-B,30.6,Fresh,INNER BLDG
O,1246,O-1246,HIGH,Inner,2BR-B,30.6,Fresh,INNER BLDG
O,1247,O-1247,HIGH,Inner,2BR-B,30.6,Fresh,INNER BLDG
O,1248,O-1248,HIGH,Inner,2BR-B,30.6,Fresh,INNER BLDG
O,1250,O-1250,HIGH,Inner,2BR-B,30.6,Fresh,INNER BLDG
O,1251,O-1251,HIGH,Inner,2BR-B,30.6,Fresh,INNER BLDG
O,1252,O-1252,HIGH,Inner,2BR-B,30.6,Fresh,INNER BLDG
O,1253,O-1253,HIGH,Inner,2BR-B,30.6,Fresh,INNER BLDG
O,1255,O-1255,HIGH,Inner,2BR-B,30.6,Fresh,INNER BLDG
O,1256,O-1256,HIGH,Inner,2BR-B,30.6,Fresh,INNER BLDG
O,1258,O-1258,HIGH,Inner,2BR-B,30.6,Fresh,INNER BLDG
O,1259,O-1259,HIGH,Inner,2BR-B,30.6,Fresh,INNER BLDG
O,1261,O-1261,HIGH,Inner,2BR-B,30.6,Fresh,INNER BLDG
O,1262,O-1262,HIGH,Inner,2BR-B,30.6,Fresh,INNER BLDG
O,1263,O-1263,HIGH,Inner,2BR-B,30.6,Fresh,INNER BLDG
O,1264,O-1264,HIGH,Inner,2BR-B,30.6,Fresh,INNER BLDG
O,1402,O-1402,HIGH,Outer,2BR-B,30.6,Fresh,BLDG N
O,1403,O-1403,HIGH,Outer,2BR-B,30.6,Fresh,BLDG N
O,1404,O-1404,HIGH,Outer,2BR-B,30.6,Fresh,BLDG N
O,1405,O-1405,HIGH,Outer,2BR-B,30.6,Fresh,BLDG N
O,1406,O-1406,HIGH,Outer,2BR-B,30.6,Fresh,BLDG N
O,1407,O-1407,HIGH,Outer,2BR-B,30.6,Fresh,BLDG N
O,1408,O-1408,HIGH,Outer,2BR-B,30.6,Fresh,BLDG N
O,1424,O-1424,HIGH,Outer,2BR-B,30.6,Fresh,BLDG P
O,1425,O-1425,HIGH,Outer,2BR-B,30.6,Fresh,BLDG P
O,1426,O-1426,HIGH,Outer,2BR-B,30.6,Fresh,BLDG P
O,1427,O-1427,HIGH,Outer,2BR-B,30.6,Fresh,BLDG P
O,1428,O-1428,HIGH,Outer,2BR-B,30.6,Fresh,BLDG P
O,1444,O-1444,HIGH,Inner,2BR-B,30.6,Fresh,INNER BLDG
O,1446,O-1446,HIGH,Inner,2BR-B,30.6,Fresh,INNER BLDG
O,1447,O-1447,HIGH,Inner,2BR-B,30.6,Fresh,INNER BLDG
O,1448,O-1448,HIGH,Inner,2BR-B,30.6,Fresh,INNER BLDG
O,1450,O-1450,HIGH,Inner,2BR-B,30.6,Fresh,INNER BLDG
O,1451,O-1451,HIGH,Inner,2BR-B,30.6,Fresh,INNER BLDG
O,1452,O-1452,HIGH,Inner,2BR-B,30.6,Fresh,INNER BLDG
O,1453,O-1453,HIGH,Inner,2BR-B,30.6,Fresh,INNER BLDG
O,1455,O-1455,HIGH,Inner,2BR-B,30.6,Fresh,INNER BLDG
O,1456,O-1456,HIGH,Inner,2BR-B,30.6,Fresh,INNER BLDG
O,1457,O-1457,HIGH,Inner,2BR-B,30.6,Fresh,INNER BLDG
O,1458,O-1458,HIGH,Inner,2BR-B,30.6,Fresh,INNER BLDG
O,1459,O-1459,HIGH,Inner,2BR-B,30.6,Fresh,INNER BLDG
O,1461,O-1461,HIGH,Inner,2BR-B,30.6,Fresh,INNER BLDG
O,1462,O-1462,HIGH,Inner,2BR-B,30.6,Fresh,INNER BLDG
O,1463,O-1463,HIGH,Inner,2BR-B,30.6,Fresh,INNER BLDG
O,1464,O-1464,HIGH,Inner,2BR-B,30.6,Fresh,INNER BLDG
O,1503,O-1503,HIGH,Outer,2BR-B,30.6,Fresh,BLDG N
O,1504,O-1504,HIGH,Outer,2BR-B,30.6,Fresh,BLDG N
O,1505,O-1505,HIGH,Outer,2BR-B,30.6,Fresh,BLDG N
O,1506,O-1506,HIGH,Outer,2BR-B,30.6,Fresh,BLDG N
O,1507,O-1507,HIGH,Outer,2BR-B,30.6,Fresh,BLDG N
O,1508,O-1508,HIGH,Outer,2BR-B,30.6,Fresh,BLDG N
O,1525,O-1525,HIGH,Outer,2BR-B,30.6,Fresh,BLDG P
O,1526,O-1526,HIGH,Outer,2BR-B,30.6,Fresh,BLDG P
O,1527,O-1527,HIGH,Outer,2BR-B,30.6,Fresh,BLDG P
O,1528,O-1528,HIGH,Outer,2BR-B,30.6,Fresh,BLDG P
O,1530,O-1530,HIGH,Outer,2BR-B,30.6,RESALE,BLDG P
O,1544,O-1544,HIGH,Inner,2BR-B,30.6,Fresh,INNER BLDG
O,1545,O-1545,HIGH,Inner,2BR-B,30.6,Fresh,INNER BLDG
O,1546,O-1546,HIGH,Inner,2BR-B,30.6,Fresh,INNER BLDG
O,1547,O-1547,HIGH,Inner,2BR-B,30.6,Fresh,INNER BLDG
O,1548,O-1548,HIGH,Inner,2BR-B,30.6,Fresh,INNER BLDG
O,1550,O-1550,HIGH,Inner,2BR-B,30.6,Fresh,INNER BLDG
O,1551,O-1551,HIGH,Inner,2BR-B,30.6,Fresh,INNER BLDG
O,1552,O-1552,HIGH,Inner,2BR-B,30.6,Fresh,INNER BLDG
O,1553,O-1553,HIGH,Inner,2BR-B,30.6,Fresh,INNER BLDG
O,1556,O-1556,HIGH,Inner,2BR-B,30.6,Fresh,INNER BLDG
O,1557,O-1557,HIGH,Inner,2BR-B,30.6,Fresh,INNER BLDG
O,1558,O-1558,HIGH,Inner,2BR-B,30.6,Fresh,INNER BLDG
O,1559,O-1559,HIGH,Inner,2BR-B,30.6,Fresh,INNER BLDG
O,1561,O-1561,HIGH,Inner,2BR-B,30.6,Fresh,INNER BLDG
O,1562,O-1562,HIGH,Inner,2BR-B,30.6,Fresh,INNER BLDG
O,1563,O-1563,HIGH,Inner,2BR-B,30.6,Fresh,INNER BLDG
O,1564,O-1564,HIGH,Inner,2BR-B,30.6,Fresh,INNER BLDG
O,1603,O-1603,HIGH,Outer,2BR-B,30.6,Fresh,BLDG N
O,1604,O-1604,HIGH,Outer,2BR-B,30.6,Fresh,BLDG N
O,1605,O-1605,HIGH,Outer,2BR-B,30.6,Fresh,BLDG N
O,1606,O-1606,HIGH,Outer,2BR-B,30.6,Fresh,BLDG N
O,1607,O-1607,HIGH,Outer,2BR-B,30.6,Fresh,BLDG N
O,1608,O-1608,HIGH,Outer,2BR-B,30.6,Fresh,BLDG N
O,1625,O-1625,HIGH,Outer,2BR-B,30.6,Fresh,BLDG P
O,1626,O-1626,HIGH,Outer,2BR-B,30.6,Fresh,BLDG P
O,1627,O-1627,HIGH,Outer,2BR-B,30.6,Fresh,BLDG P
O,1628,O-1628,HIGH,Outer,2BR-B,30.6,Fresh,BLDG P
O,1629,O-1629,HIGH,Outer,2BR-B,30.6,Fresh,BLDG P
O,1644,O-1644,HIGH,Inner,2BR-B,30.6,Fresh,INNER BLDG
O,1645,O-1645,HIGH,Inner,2BR-B,30.6,Fresh,INNER BLDG
O,1647,O-1647,HIGH,Inner,2BR-B,30.6,Fresh,INNER BLDG
O,1648,O-1648,HIGH,Inner,2BR-B,30.6,Fresh,INNER BLDG
O,1650,O-1650,HIGH,Inner,2BR-B,30.6,Fresh,INNER BLDG
O,1651,O-1651,HIGH,Inner,2BR-B,30.6,Fresh,INNER BLDG
O,1652,O-1652,HIGH,Inner,2BR-B,30.6,Fresh,INNER BLDG
O,1653,O-1653,HIGH,Inner,2BR-B,30.6,Fresh,INNER BLDG
O,1655,O-1655,HIGH,Inner,2BR-B,30.6,Fresh,INNER BLDG
O,1656,O-1656,HIGH,Inner,2BR-B,30.6,Fresh,INNER BLDG
O,1657,O-1657,HIGH,Inner,2BR-B,30.6,Fresh,INNER BLDG
O,1658,O-1658,HIGH,Inner,2BR-B,30.6,Fresh,INNER BLDG
O,1659,O-1659,HIGH,Inner,2BR-B,30.6,Fresh,INNER BLDG
O,1661,O-1661,HIGH,Inner,2BR-B,30.6,Fresh,INNER BLDG
O,1662,O-1662,HIGH,Inner,2BR-B,30.6,Fresh,INNER BLDG
O,1663,O-1663,HIGH,Inner,2BR-B,30.6,Fresh,INNER BLDG
O,1664,O-1664,HIGH,Inner,2BR-B,30.6,Fresh,INNER BLDG
O,1703,O-1703,HIGH,Outer,2BR-B,30.6,Fresh,BLDG N
O,1704,O-1704,HIGH,Outer,2BR-B,30.6,Fresh,BLDG N
O,1705,O-1705,HIGH,Outer,2BR-B,30.6,Fresh,BLDG N
O,1706,O-1706,HIGH,Outer,2BR-B,30.6,Fresh,BLDG N
O,1707,O-1707,HIGH,Outer,2BR-B,30.6,Fresh,BLDG N
O,1724,O-1724,HIGH,Outer,2BR-B,30.6,Fresh,BLDG P
O,1725,O-1725,HIGH,Outer,2BR-B,30.6,Fresh,BLDG P
O,1726,O-1726,HIGH,Outer,2BR-B,30.6,Fresh,BLDG P
O,1727,O-1727,HIGH,Outer,2BR-B,30.6,Fresh,BLDG P
O,1728,O-1728,HIGH,Outer,2BR-B,30.6,Fresh,BLDG P
O,1745,O-1745,HIGH,Inner,2BR-B,30.6,Fresh,INNER BLDG
O,1746,O-1746,HIGH,Inner,2BR-B,30.6,Fresh,INNER BLDG
O,1747,O-1747,HIGH,Inner,2BR-B,30.6,Fresh,INNER BLDG
O,1748,O-1748,HIGH,Inner,2BR-B,30.6,Fresh,INNER BLDG
O,1750,O-1750,HIGH,Inner,2BR-B,30.6,Fresh,INNER BLDG
O,1751,O-1751,HIGH,Inner,2BR-B,30.6,Fresh,INNER BLDG
O,1752,O-1752,HIGH,Inner,2BR-B,30.6,Fresh,INNER BLDG
O,1753,O-1753,HIGH,Inner,2BR-B,30.6,Fresh,INNER BLDG
O,1755,O-1755,HIGH,Inner,2BR-B,30.6,Fresh,INNER BLDG
O,1756,O-1756,HIGH,Inner,2BR-B,30.6,Fresh,INNER BLDG
O,1757,O-1757,HIGH,Inner,2BR-B,30.6,Fresh,INNER BLDG
O,1759,O-1759,HIGH,Inner,2BR-B,30.6,Fresh,INNER BLDG
O,1761,O-1761,HIGH,Inner,2BR-B,30.6,Fresh,INNER BLDG
O,1762,O-1762,HIGH,Inner,2BR-B,30.6,Fresh,INNER BLDG
O,1763,O-1763,HIGH,Inner,2BR-B,30.6,Fresh,INNER BLDG
O,1764,O-1764,HIGH,Inner,2BR-B,30.6,Fresh,INNER BLDG
P,1127,P-1127,HIGH,Outer,2BR-B,30.6,Fresh,BLDG 
P,1128,P-1128,HIGH,Outer,2BR-B,30.6,Fresh,BLDG 
P,1145,P-1145,HIGH,Inner,2BR-B,30.6,Fresh,INNER BLDG
P,1146,P-1146,HIGH,Inner,2BR-B,30.6,Fresh,INNER BLDG
P,1147,P-1147,HIGH,Inner,2BR-B,30.6,Fresh,INNER BLDG
P,1150,P-1150,HIGH,Inner,2BR-B,30.6,Fresh,INNER BLDG
P,1151,P-1151,HIGH,Inner,2BR-B,30.6,Fresh,INNER BLDG
P,1152,P-1152,HIGH,Inner,2BR-B,30.6,Fresh,INNER BLDG
P,1153,P-1153,HIGH,Inner,2BR-B,30.6,Fresh,INNER BLDG
P,1155,P-1155,HIGH,Inner,2BR-B,30.6,Fresh,INNER BLDG
P,1156,P-1156,HIGH,Inner,2BR-B,30.6,Fresh,INNER BLDG
P,1157,P-1157,HIGH,Inner,2BR-B,30.6,Fresh,INNER BLDG
P,1158,P-1158,HIGH,Inner,2BR-B,30.6,Fresh,INNER BLDG
P,1159,P-1159,HIGH,Inner,2BR-B,30.6,Fresh,INNER BLDG
P,1161,P-1161,HIGH,Inner,2BR-B,30.6,Fresh,INNER BLDG
P,1164,P-1164,HIGH,Inner,2BR-B,30.6,Fresh,INNER BLDG
P,1204,P-1204,HIGH,Outer,2BR-B,30.6,Fresh,BLDG O
P,1206,P-1206,HIGH,Outer,2BR-B,30.6,Fresh,BLDG O
P,1207,P-1207,HIGH,Outer,2BR-B,30.6,Fresh,BLDG O
P,1225,P-1225,HIGH,Outer,2BR-B,30.6,Fresh,BLDG 
P,1226,P-1226,HIGH,Outer,2BR-B,30.6,Fresh,BLDG 
P,1227,P-1227,HIGH,Outer,2BR-B,30.6,Fresh,BLDG 
P,1228,P-1228,HIGH,Outer,2BR-B,30.6,Fresh,BLDG 
P,1244,P-1244,HIGH,Inner,2BR-B,30.6,Fresh,INNER BLDG
P,1245,P-1245,HIGH,Inner,2BR-B,30.6,Fresh,INNER BLDG
P,1246,P-1246,HIGH,Inner,2BR-B,30.6,Fresh,INNER BLDG
P,1247,P-1247,HIGH,Inner,2BR-B,30.6,Fresh,INNER BLDG
P,1248,P-1248,HIGH,Inner,2BR-B,30.6,Fresh,INNER BLDG
P,1250,P-1250,HIGH,Inner,2BR-B,30.6,Fresh,INNER BLDG
P,1251,P-1251,HIGH,Inner,2BR-B,30.6,Fresh,INNER BLDG
P,1252,P-1252,HIGH,Inner,2BR-B,30.6,Fresh,INNER BLDG
P,1255,P-1255,HIGH,Inner,2BR-B,30.6,Fresh,INNER BLDG
P,1258,P-1258,HIGH,Inner,2BR-B,30.6,Fresh,INNER BLDG
P,1259,P-1259,HIGH,Inner,2BR-B,30.6,Fresh,INNER BLDG
P,1262,P-1262,HIGH,Inner,2BR-B,30.6,Fresh,INNER BLDG
P,1263,P-1263,HIGH,Inner,2BR-B,30.6,Fresh,INNER BLDG
P,1264,P-1264,HIGH,Inner,2BR-B,30.6,Fresh,INNER BLDG
P,1405,P-1405,HIGH,Outer,2BR-B,30.6,Fresh,BLDG O
P,1406,P-1406,HIGH,Outer,2BR-B,30.6,Fresh,BLDG O
P,1407,P-1407,HIGH,Outer,2BR-B,30.6,Fresh,BLDG O
P,1408,P-1408,HIGH,Outer,2BR-B,30.6,Fresh,BLDG O
P,1425,P-1425,HIGH,Outer,2BR-B,30.6,Fresh,BLDG 
P,1426,P-1426,HIGH,Outer,2BR-B,30.6,Fresh,BLDG 
P,1427,P-1427,HIGH,Outer,2BR-B,30.6,Fresh,BLDG 
P,1428,P-1428,HIGH,Outer,2BR-B,30.6,Fresh,BLDG 
P,1429,P-1429,HIGH,Outer,2BR-B,30.6,Fresh,BLDG 
P,1444,P-1444,HIGH,Inner,2BR-B,30.6,Fresh,INNER BLDG
P,1446,P-1446,HIGH,Inner,2BR-B,30.6,Fresh,INNER BLDG
P,1447,P-1447,HIGH,Inner,2BR-B,30.6,Fresh,INNER BLDG
P,1448,P-1448,HIGH,Inner,2BR-B,30.6,Fresh,INNER BLDG
P,1450,P-1450,HIGH,Inner,2BR-B,30.6,Fresh,INNER BLDG
P,1451,P-1451,HIGH,Inner,2BR-B,30.6,Fresh,INNER BLDG
P,1452,P-1452,HIGH,Inner,2BR-B,30.6,Fresh,INNER BLDG
P,1453,P-1453,HIGH,Inner,2BR-B,30.6,Fresh,INNER BLDG
P,1455,P-1455,HIGH,Inner,2BR-B,30.6,Fresh,INNER BLDG
P,1456,P-1456,HIGH,Inner,2BR-B,30.6,Fresh,INNER BLDG
P,1458,P-1458,HIGH,Inner,2BR-B,30.6,Fresh,INNER BLDG
P,1459,P-1459,HIGH,Inner,2BR-B,30.6,Fresh,INNER BLDG
P,1461,P-1461,HIGH,Inner,2BR-B,30.6,Fresh,INNER BLDG
P,1463,P-1463,HIGH,Inner,2BR-B,30.6,Fresh,INNER BLDG
P,1464,P-1464,HIGH,Inner,2BR-B,30.6,Fresh,INNER BLDG
P,1504,P-1504,HIGH,Outer,2BR-B,30.6,Fresh,BLDG O
P,1505,P-1505,HIGH,Outer,2BR-B,30.6,Fresh,BLDG O
P,1506,P-1506,HIGH,Outer,2BR-B,30.6,Fresh,BLDG O
P,1525,P-1525,HIGH,Outer,2BR-B,30.6,Fresh,BLDG 
P,1526,P-1526,HIGH,Outer,2BR-B,30.6,Fresh,BLDG 
P,1527,P-1527,HIGH,Outer,2BR-B,30.6,Fresh,BLDG 
P,1528,P-1528,HIGH,Outer,2BR-B,30.6,Fresh,BLDG 
P,1544,P-1544,HIGH,Inner,2BR-B,30.6,Fresh,INNER BLDG
P,1545,P-1545,HIGH,Inner,2BR-B,30.6,Fresh,INNER BLDG
P,1546,P-1546,HIGH,Inner,2BR-B,30.6,Fresh,INNER BLDG
P,1547,P-1547,HIGH,Inner,2BR-B,30.6,Fresh,INNER BLDG
P,1550,P-1550,HIGH,Inner,2BR-B,30.6,Fresh,INNER BLDG
P,1551,P-1551,HIGH,Inner,2BR-B,30.6,Fresh,INNER BLDG
P,1552,P-1552,HIGH,Inner,2BR-B,30.6,Fresh,INNER BLDG
P,1553,P-1553,HIGH,Inner,2BR-B,30.6,Fresh,INNER BLDG
P,1555,P-1555,HIGH,Inner,2BR-B,30.6,Fresh,INNER BLDG
P,1556,P-1556,HIGH,Inner,2BR-B,30.6,Fresh,INNER BLDG
P,1557,P-1557,HIGH,Inner,2BR-B,30.6,Fresh,INNER BLDG
P,1558,P-1558,HIGH,Inner,2BR-B,30.6,Fresh,INNER BLDG
P,1561,P-1561,HIGH,Inner,2BR-B,30.6,Fresh,INNER BLDG
P,1563,P-1563,HIGH,Inner,2BR-B,30.6,Fresh,INNER BLDG
P,1564,P-1564,HIGH,Inner,2BR-B,30.6,Fresh,INNER BLDG
P,1603,P-1603,HIGH,Outer,2BR-B,30.6,Fresh,BLDG O
P,1604,P-1604,HIGH,Outer,2BR-B,30.6,Fresh,BLDG O
P,1605,P-1605,HIGH,Outer,2BR-B,30.6,Fresh,BLDG O
P,1606,P-1606,HIGH,Outer,2BR-B,30.6,Fresh,BLDG O
P,1607,P-1607,HIGH,Outer,2BR-B,30.6,Fresh,BLDG O
P,1624,P-1624,HIGH,Outer,2BR-B,30.6,Fresh,BLDG 
P,1625,P-1625,HIGH,Outer,2BR-B,30.6,Fresh,BLDG 
P,1626,P-1626,HIGH,Outer,2BR-B,30.6,Fresh,BLDG 
P,1627,P-1627,HIGH,Outer,2BR-B,30.6,Fresh,BLDG 
P,1644,P-1644,HIGH,Inner,2BR-B,30.6,Fresh,INNER BLDG
P,1645,P-1645,HIGH,Inner,2BR-B,30.6,Fresh,INNER BLDG
P,1646,P-1646,HIGH,Inner,2BR-B,30.6,Fresh,INNER BLDG
P,1647,P-1647,HIGH,Inner,2BR-B,30.6,Fresh,INNER BLDG
P,1648,P-1648,HIGH,Inner,2BR-B,30.6,Fresh,INNER BLDG
P,1651,P-1651,HIGH,Inner,2BR-B,30.6,Fresh,INNER BLDG
P,1652,P-1652,HIGH,Inner,2BR-B,30.6,Fresh,INNER BLDG
P,1653,P-1653,HIGH,Inner,2BR-B,30.6,Fresh,INNER BLDG
P,1655,P-1655,HIGH,Inner,2BR-B,30.6,Fresh,INNER BLDG
P,1656,P-1656,HIGH,Inner,2BR-B,30.6,Fresh,INNER BLDG
P,1657,P-1657,HIGH,Inner,2BR-B,30.6,Fresh,INNER BLDG
P,1658,P-1658,HIGH,Inner,2BR-B,30.6,Fresh,INNER BLDG
P,1659,P-1659,HIGH,Inner,2BR-B,30.6,Fresh,INNER BLDG
P,1661,P-1661,HIGH,Inner,2BR-B,30.6,Fresh,INNER BLDG
P,1663,P-1663,HIGH,Inner,2BR-B,30.6,Fresh,INNER BLDG
P,1664,P-1664,HIGH,Inner,2BR-B,30.6,Fresh,INNER BLDG
P,1704,P-1704,HIGH,Outer,2BR-B,30.6,Fresh,BLDG O
P,1705,P-1705,HIGH,Outer,2BR-B,30.6,Fresh,BLDG O
P,1706,P-1706,HIGH,Outer,2BR-B,30.6,Fresh,BLDG O
P,1707,P-1707,HIGH,Outer,2BR-B,30.6,Fresh,BLDG O
P,1726,P-1726,HIGH,Outer,2BR-B,30.6,Fresh,BLDG 
P,1744,P-1744,HIGH,Inner,2BR-B,30.6,Fresh,INNER BLDG
P,1745,P-1745,HIGH,Inner,2BR-B,30.6,Fresh,INNER BLDG
P,1746,P-1746,HIGH,Inner,2BR-B,30.6,Fresh,INNER BLDG
P,1747,P-1747,HIGH,Inner,2BR-B,30.6,Fresh,INNER BLDG
P,1748,P-1748,HIGH,Inner,2BR-B,30.6,Fresh,INNER BLDG
P,1750,P-1750,HIGH,Inner,2BR-B,30.6,Fresh,INNER BLDG
P,1751,P-1751,HIGH,Inner,2BR-B,30.6,Fresh,INNER BLDG
P,1752,P-1752,HIGH,Inner,2BR-B,30.6,Fresh,INNER BLDG
P,1753,P-1753,HIGH,Inner,2BR-B,30.6,Fresh,INNER BLDG
P,1756,P-1756,HIGH,Inner,2BR-B,30.6,Fresh,INNER BLDG
P,1757,P-1757,HIGH,Inner,2BR-B,30.6,Fresh,INNER BLDG
P,1758,P-1758,HIGH,Inner,2BR-B,30.6,Fresh,INNER BLDG
P,1759,P-1759,HIGH,Inner,2BR-B,30.6,Fresh,INNER BLDG
P,1761,P-1761,HIGH,Inner,2BR-B,30.6,Fresh,INNER BLDG
P,1763,P-1763,HIGH,Inner,2BR-B,30.6,Fresh,INNER BLDG
,1147,-1147,HIGH,Inner,2BR-B,30.6,Fresh,INNER BLDG
,1151,-1151,HIGH,Inner,2BR-B,30.6,Fresh,INNER BLDG
,1153,-1153,HIGH,Inner,2BR-B,30.6,Fresh,INNER BLDG
,1155,-1155,HIGH,Inner,2BR-B,30.6,Fresh,INNER BLDG
,1156,-1156,HIGH,Inner,2BR-B,30.6,Fresh,INNER BLDG
,1157,-1157,HIGH,Inner,2BR-B,30.6,Fresh,INNER BLDG
,1158,-1158,HIGH,Inner,2BR-B,30.6,Fresh,INNER BLDG
,1245,-1245,HIGH,Inner,2BR-B,30.6,Fresh,INNER BLDG
,1246,-1246,HIGH,Inner,2BR-B,30.6,Fresh,INNER BLDG
,1248,-1248,HIGH,Inner,2BR-B,30.6,Fresh,INNER BLDG
,1252,-1252,HIGH,Inner,2BR-B,30.6,Fresh,INNER BLDG
,1253,-1253,HIGH,Inner,2BR-B,30.6,Fresh,INNER BLDG
,1255,-1255,HIGH,Inner,2BR-B,30.6,Fresh,INNER BLDG
,1256,-1256,HIGH,Inner,2BR-B,30.6,Fresh,INNER BLDG
,1257,-1257,HIGH,Inner,2BR-B,30.6,Fresh,INNER BLDG
,1258,-1258,HIGH,Inner,2BR-B,30.6,Fresh,INNER BLDG
,1259,-1259,HIGH,Inner,2BR-B,30.6,Fresh,INNER BLDG
,1262,-1262,HIGH,Inner,2BR-B,30.6,Fresh,INNER BLDG
,1263,-1263,HIGH,Inner,2BR-B,30.6,Fresh,INNER BLDG
,1445,-1445,HIGH,Inner,2BR-B,30.6,Fresh,INNER BLDG
,1447,-1447,HIGH,Inner,2BR-B,30.6,Fresh,INNER BLDG
,1448,-1448,HIGH,Inner,2BR-B,30.6,Fresh,INNER BLDG
,1450,-1450,HIGH,Inner,2BR-B,30.6,Fresh,INNER BLDG
,1453,-1453,HIGH,Inner,2BR-B,30.6,Fresh,INNER BLDG
,1455,-1455,HIGH,Inner,2BR-B,30.6,Fresh,INNER BLDG
,1456,-1456,HIGH,Inner,2BR-B,30.6,Fresh,INNER BLDG
,1457,-1457,HIGH,Inner,2BR-B,30.6,Fresh,INNER BLDG
,1458,-1458,HIGH,Inner,2BR-B,30.6,Fresh,INNER BLDG
,1459,-1459,HIGH,Inner,2BR-B,30.6,Fresh,INNER BLDG
,1463,-1463,HIGH,Inner,2BR-B,30.6,Fresh,INNER BLDG
,1464,-1464,HIGH,Inner,2BR-B,30.6,Fresh,INNER BLDG
,1544,-1544,HIGH,Inner,2BR-B,30.6,Fresh,INNER BLDG
,1545,-1545,HIGH,Inner,2BR-B,30.6,Fresh,INNER BLDG
,1546,-1546,HIGH,Inner,2BR-B,30.6,Fresh,INNER BLDG
,1547,-1547,HIGH,Inner,2BR-B,30.6,Fresh,INNER BLDG
,1550,-1550,HIGH,Inner,2BR-B,30.6,Fresh,INNER BLDG
,1553,-1553,HIGH,Inner,2BR-B,30.6,Fresh,INNER BLDG
,1555,-1555,HIGH,Inner,2BR-B,30.6,Fresh,INNER BLDG
,1556,-1556,HIGH,Inner,2BR-B,30.6,Fresh,INNER BLDG
,1557,-1557,HIGH,Inner,2BR-B,30.6,Fresh,INNER BLDG
,1558,-1558,HIGH,Inner,2BR-B,30.6,Fresh,INNER BLDG
,1559,-1559,HIGH,Inner,2BR-B,30.6,Fresh,INNER BLDG
,1561,-1561,HIGH,Inner,2BR-B,30.6,Fresh,INNER BLDG
,1646,-1646,HIGH,Inner,2BR-B,30.6,Fresh,INNER BLDG
,1647,-1647,HIGH,Inner,2BR-B,30.6,Fresh,INNER BLDG
,1648,-1648,HIGH,Inner,2BR-B,30.6,Fresh,INNER BLDG
,1650,-1650,HIGH,Inner,2BR-B,30.6,Fresh,INNER BLDG
,1652,-1652,HIGH,Inner,2BR-B,30.6,Fresh,INNER BLDG
,1655,-1655,HIGH,Inner,2BR-B,30.6,Fresh,INNER BLDG
,1656,-1656,HIGH,Inner,2BR-B,30.6,Fresh,INNER BLDG
,1657,-1657,HIGH,Inner,2BR-B,30.6,Fresh,INNER BLDG
,1658,-1658,HIGH,Inner,2BR-B,30.6,Fresh,INNER BLDG
,1659,-1659,HIGH,Inner,2BR-B,30.6,Fresh,INNER BLDG
,1661,-1661,HIGH,Inner,2BR-B,30.6,Fresh,INNER BLDG
,1663,-1663,HIGH,Inner,2BR-B,30.6,Fresh,INNER BLDG
R,1448,R-1448,HIGH,Inner,2BR-B,30.6,Fresh,INNER BLDG
R,1546,R-1546,HIGH,Inner,2BR-B,30.6,Fresh,INNER BLDG
R,1547,R-1547,HIGH,Inner,2BR-B,30.6,Fresh,INNER BLDG
R,1557,R-1557,HIGH,Inner,2BR-B,30.6,Fresh,INNER BLDG
R,1645,R-1645,HIGH,Inner,2BR-B,30.6,Fresh,INNER BLDG
R,1647,R-1647,HIGH,Inner,2BR-B,30.6,Fresh,INNER BLDG
R,1656,R-1656,HIGH,Inner,2BR-B,30.6,Fresh,INNER BLDG